"SeriesID","ColorCode","Hex","DisplayOrder"
"1","A4","#FBED56","1"
"1","A6","#FEAC4C","2"
"1","A7","#FE8B4C","3"
"1","B3","#9EF780","4"
"1","B5","#35E352","5"
"1","B8","#1C9C4F","6"
"1","C3","#A0E2FB","7"
"1","C5","#01ACEB","8"
"1","C8","#0F54C0","9"
"1","D6","#AC7BDE","10"
"1","D7","#8854B3","11"
"1","D9","#D5B9F8","12"
"1","E2","#FEC0DF","13"
"1","E4","#E8649E","14"
"1","E5","#F551A2","15"
"1","G1","#FFE2CE","16"
"1","G5","#EDB045","17"
"1","G7","#9D5B3E","18"
"1","H1","#FDFBFF","19"
"1","H2","#FEFFFF","20"
"1","H3","#B6B1BA","21"
"1","H4","#89858C","22"
"1","H5","#48464E","23"
"1","H7","#000000","24"
"2","A4","#FBED56","1"
"2","A6","#FEAC4C","2"
"2","A7","#FE8B4C","3"
"2","A10","#F77C31","4"
"2","A11","#FFDD99","5"
"2","A13","#FFC365","6"
"2","B3","#9EF780","7"
"2","B5","#35E352","8"
"2","B8","#1C9C4F","9"
"2","B12","#166F41","10"
"2","C2","#A9F9FC","11"
"2","C3","#A0E2FB","12"
"2","C5","#01ACEB","13"
"2","C6","#50AAF0","14"
"2","C7","#3677D2","15"
"2","C8","#0F54C0","16"
"2","C10","#3EBCE2","17"
"2","C11","#28DDDE","18"
"2","C13","#CDE8FF","19"
"2","D3","#2F54AF","20"
"2","D6","#AC7BDE","21"
"2","D7","#8854B3","22"
"2","D9","#D5B9F8","23"
"2","D13","#B90095","24"
"2","D15","#2F1F90","25"
"2","D18","#A45EC7","26"
"2","D19","#D8C3D7","27"
"2","D21","#9A009B","28"
"2","E2","#FEC0DF","29"
"2","E3","#FFB7E7","30"
"2","E4","#E8649E","31"
"2","E7","#C63478","32"
"2","E8","#FFDBE9","33"
"2","F13","#F35744","34"
"2","G1","#FFE2CE","35"
"2","G5","#EDB045","36"
"2","G7","#9D5B3E","37"
"2","G8","#753B32","38"
"2","G9","#E6B483","39"
"2","G13","#B7714A","40"
"2","H1","#FDFBFF","41"
"2","H2","#FEFFFF","42"
"2","H3","#B6B1BA","43"
"2","H4","#89858C","44"
"2","H5","#48464E","45"
"2","H7","#000000","46"
"3","A3","#FEFF8B","1"
"3","A4","#FBED56","2"
"3","A6","#FEAC4C","3"
"3","A7","#FE8B4C","4"
"3","A10","#F77C31","5"
"3","A11","#FFDD99","6"
"3","A13","#FFC365","7"
"3","B3","#9EF780","8"
"3","B5","#35E352","9"
"3","B7","#3DAF80","10"
"3","B8","#1C9C4F","11"
"3","B10","#95D3C2","12"
"3","B12","#166F41","13"
"3","B14","#ADE946","14"
"3","B17","#9BB13A","15"
"3","B18","#E6EE49","16"
"3","B19","#24B88C","17"
"3","B20","#C2F0CC","18"
"3","C2","#A9F9FC","19"
"3","C3","#A0E2FB","20"
"3","C5","#01ACEB","21"
"3","C6","#50AAF0","22"
"3","C7","#3677D2","23"
"3","C8","#0F54C0","24"
"3","C10","#3EBCE2","25"
"3","C11","#28DDDE","26"
"3","C13","#CDE8FF","27"
"3","C16","#1557A8","28"
"3","D2","#858EDD","29"
"3","D3","#2F54AF","30"
"3","D6","#AC7BDE","31"
"3","D7","#8854B3","32"
"3","D8","#E2D3FF","33"
"3","D9","#D5B9F8","34"
"3","D11","#B9BAE1","35"
"3","D12","#DE9AD4","36"
"3","D13","#B90095","37"
"3","D14","#8B279B","38"
"3","D15","#2F1F90","39"
"3","D16","#E3E1EE","40"
"3","D18","#A45EC7","41"
"3","D19","#D8C3D7","42"
"3","D20","#9C32B2","43"
"3","D21","#9A009B","44"
"3","E1","#FDD3CC","45"
"3","E2","#FEC0DF","46"
"3","E3","#FFB7E7","47"
"3","E4","#E8649E","48"
"3","E5","#F551A2","49"
"3","E7","#C63478","50"
"3","E8","#FFDBE9","51"
"3","E12","#F78FC3","52"
"3","E13","#B5006D","53"
"3","F5","#E7002F","54"
"3","F7","#971937","55"
"3","F8","#BC0028","56"
"3","F10","#8A4526","57"
"3","F13","#F35744","58"
"3","G1","#FFE2CE","59"
"3","G2","#FFC4AA","60"
"3","G3","#F4C3A5","61"
"3","G5","#EDB045","62"
"3","G7","#9D5B3E","63"
"3","G8","#753B32","64"
"3","G9","#E6B483","65"
"3","G13","#B7714A","66"
"3","H1","#FDFBFF","67"
"3","H2","#FEFFFF","68"
"3","H3","#B6B1BA","69"
"3","H4","#89858C","70"
"3","H5","#48464E","71"
"3","H7","#000000","72"
"4","A3","#FEFF8B","1"
"4","A4","#FBED56","2"
"4","A6","#FEAC4C","3"
"4","A7","#FE8B4C","4"
"4","A10","#F77C31","5"
"4","A11","#FFDD99","6"
"4","A13","#FFC365","7"
"4","A14","#FD543D","8"
"4","B3","#9EF780","9"
"4","B5","#35E352","10"
"4","B7","#3DAF80","11"
"4","B8","#1C9C4F","12"
"4","B10","#95D3C2","13"
"4","B12","#166F41","14"
"4","B14","#ADE946","15"
"4","B17","#9BB13A","16"
"4","B18","#E6EE49","17"
"4","B19","#24B88C","18"
"4","B20","#C2F0CC","19"
"4","C2","#A9F9FC","20"
"4","C3","#A0E2FB","21"
"4","C5","#01ACEB","22"
"4","C6","#50AAF0","23"
"4","C7","#3677D2","24"
"4","C8","#0F54C0","25"
"4","C10","#3EBCE2","26"
"4","C11","#28DDDE","27"
"4","C13","#CDE8FF","28"
"4","C16","#1557A8","29"
"4","D2","#858EDD","30"
"4","D3","#2F54AF","31"
"4","D5","#B843C5","32"
"4","D6","#AC7BDE","33"
"4","D7","#8854B3","34"
"4","D8","#E2D3FF","35"
"4","D9","#D5B9F8","36"
"4","D11","#B9BAE1","37"
"4","D12","#DE9AD4","38"
"4","D13","#B90095","39"
"4","D14","#8B279B","40"
"4","D15","#2F1F90","41"
"4","D16","#E3E1EE","42"
"4","D18","#A45EC7","43"
"4","D19","#D8C3D7","44"
"4","D20","#9C32B2","45"
"4","D21","#9A009B","46"
"4","E1","#FDD3CC","47"
"4","E2","#FEC0DF","48"
"4","E3","#FFB7E7","49"
"4","E4","#E8649E","50"
"4","E5","#F551A2","51"
"4","E6","#F13D74","52"
"4","E7","#C63478","53"
"4","E8","#FFDBE9","54"
"4","E9","#E970CC","55"
"4","E10","#D33793","56"
"4","E11","#FCDDD2","57"
"4","E12","#F78FC3","58"
"4","E13","#B5006D","59"
"4","E14","#FFD1BA","60"
"4","E15","#F8C7C9","61"
"4","F1","#FD957B","62"
"4","F2","#FC3D46","63"
"4","F3","#F74941","64"
"4","F4","#FC283C","65"
"4","F5","#E7002F","66"
"4","F6","#943630","67"
"4","F7","#971937","68"
"4","F8","#BC0028","69"
"4","F9","#E2677A","70"
"4","F10","#8A4526","71"
"4","F11","#5A2121","72"
"4","F12","#FD4E6A","73"
"4","F13","#F35744","74"
"4","F14","#FFA9AD","75"
"4","G1","#FFE2CE","76"
"4","G2","#FFC4AA","77"
"4","G3","#F4C3A5","78"
"4","G5","#EDB045","79"
"4","G7","#9D5B3E","80"
"4","G8","#753B32","81"
"4","G9","#E6B483","82"
"4","G13","#B7714A","83"
"4","G14","#8D614C","84"
"4","G17","#7B524B","85"
"4","H1","#FDFBFF","86"
"4","H2","#FEFFFF","87"
"4","H3","#B6B1BA","88"
"4","H4","#89858C","89"
"4","H5","#48464E","90"
"4","H6","#2F2B2F","91"
"4","H7","#000000","92"
"4","M5","#D0CCAA","93"
"4","M6","#B0A782","94"
"4","M9","#A58767","95"
"4","M12","#644749","96"
"5","A1","#FAF4C8","1"
"5","A3","#FEFF8B","2"
"5","A4","#FBED56","3"
"5","A5","#F4D738","4"
"5","A6","#FEAC4C","5"
"5","A7","#FE8B4C","6"
"5","A8","#FFDA45","7"
"5","A9","#FF995B","8"
"5","A10","#F77C31","9"
"5","A11","#FFDD99","10"
"5","A12","#FE9F72","11"
"5","A13","#FFC365","12"
"5","A14","#FD543D","13"
"5","A15","#FFF365","14"
"5","B1","#E6EE31","15"
"5","B2","#63F347","16"
"5","B3","#9EF780","17"
"5","B4","#5DE035","18"
"5","B5","#35E352","19"
"5","B6","#65E2A6","20"
"5","B7","#3DAF80","21"
"5","B8","#1C9C4F","22"
"5","B10","#95D3C2","23"
"5","B11","#5D722A","24"
"5","B12","#166F41","25"
"5","B13","#CAEB7B","26"
"5","B14","#ADE946","27"
"5","B15","#2E5132","28"
"5","B16","#C5ED9C","29"
"5","B17","#9BB13A","30"
"5","B18","#E6EE49","31"
"5","B19","#24B88C","32"
"5","B20","#C2F0CC","33"
"5","C1","#E8FFE7","34"
"5","C2","#A9F9FC","35"
"5","C3","#A0E2FB","36"
"5","C4","#41CCFF","37"
"5","C5","#01ACEB","38"
"5","C6","#50AAF0","39"
"5","C7","#3677D2","40"
"5","C8","#0F54C0","41"
"5","C9","#324BCA","42"
"5","C10","#3EBCE2","43"
"5","C11","#28DDDE","44"
"5","C13","#CDE8FF","45"
"5","C14","#D5FDFF","46"
"5","C15","#22C4C6","47"
"5","C16","#1557A8","48"
"5","C17","#04D1F6","49"
"5","D1","#AEB4F2","50"
"5","D2","#858EDD","51"
"5","D3","#2F54AF","52"
"5","D5","#B843C5","53"
"5","D6","#AC7BDE","54"
"5","D7","#8854B3","55"
"5","D8","#E2D3FF","56"
"5","D9","#D5B9F8","57"
"5","D11","#B9BAE1","58"
"5","D12","#DE9AD4","59"
"5","D13","#B90095","60"
"5","D14","#8B279B","61"
"5","D15","#2F1F90","62"
"5","D16","#E3E1EE","63"
"5","D17","#C4D4F6","64"
"5","D18","#A45EC7","65"
"5","D19","#D8C3D7","66"
"5","D20","#9C32B2","67"
"5","D21","#9A009B","68"
"5","E1","#FDD3CC","69"
"5","E2","#FEC0DF","70"
"5","E3","#FFB7E7","71"
"5","E4","#E8649E","72"
"5","E5","#F551A2","73"
"5","E6","#F13D74","74"
"5","E7","#C63478","75"
"5","E8","#FFDBE9","76"
"5","E9","#E970CC","77"
"5","E10","#D33793","78"
"5","E11","#FCDDD2","79"
"5","E12","#F78FC3","80"
"5","E13","#B5006D","81"
"5","E14","#FFD1BA","82"
"5","E15","#F8C7C9","83"
"5","F1","#FD957B","84"
"5","F2","#FC3D46","85"
"5","F3","#F74941","86"
"5","F4","#FC283C","87"
"5","F5","#E7002F","88"
"5","F6","#943630","89"
"5","F7","#971937","90"
"5","F8","#BC0028","91"
"5","F9","#E2677A","92"
"5","F10","#8A4526","93"
"5","F11","#5A2121","94"
"5","F12","#FD4E6A","95"
"5","F13","#F35744","96"
"5","F14","#FFA9AD","97"
"5","G1","#FFE2CE","98"
"5","G2","#FFC4AA","99"
"5","G3","#F4C3A5","100"
"5","G5","#EDB045","101"
"5","G6","#E99C17","102"
"5","G7","#9D5B3E","103"
"5","G8","#753B32","104"
"5","G9","#E6B483","105"
"5","G13","#B7714A","106"
"5","G14","#8D614C","107"
"5","G17","#7B524B","108"
"5","H1","#FDFBFF","109"
"5","H2","#FEFFFF","110"
"5","H3","#B6B1BA","111"
"5","H4","#89858C","112"
"5","H5","#48464E","113"
"5","H6","#2F2B2F","114"
"5","H7","#000000","115"
"5","H12","#FFF5ED","116"
"5","M5","#D0CCAA","117"
"5","M6","#B0A782","118"
"5","M9","#A58767","119"
"5","M12","#644749","120"
"6","A1","#FAF4C8","1"
"6","A2","#FFFFD5","2"
"6","A3","#FEFF8B","3"
"6","A4","#FBED56","4"
"6","A5","#F4D738","5"
"6","A6","#FEAC4C","6"
"6","A7","#FE8B4C","7"
"6","A8","#FFDA45","8"
"6","A9","#FF995B","9"
"6","A10","#F77C31","10"
"6","A11","#FFDD99","11"
"6","A12","#FE9F72","12"
"6","A13","#FFC365","13"
"6","A14","#FD543D","14"
"6","A15","#FFF365","15"
"6","B1","#E6EE31","16"
"6","B2","#63F347","17"
"6","B3","#9EF780","18"
"6","B4","#5DE035","19"
"6","B5","#35E352","20"
"6","B6","#65E2A6","21"
"6","B7","#3DAF80","22"
"6","B8","#1C9C4F","23"
"6","B10","#95D3C2","24"
"6","B11","#5D722A","25"
"6","B12","#166F41","26"
"6","B13","#CAEB7B","27"
"6","B14","#ADE946","28"
"6","B15","#2E5132","29"
"6","B16","#C5ED9C","30"
"6","B17","#9BB13A","31"
"6","B18","#E6EE49","32"
"6","B19","#24B88C","33"
"6","B20","#C2F0CC","34"
"6","C1","#E8FFE7","35"
"6","C2","#A9F9FC","36"
"6","C3","#A0E2FB","37"
"6","C4","#41CCFF","38"
"6","C5","#01ACEB","39"
"6","C6","#50AAF0","40"
"6","C7","#3677D2","41"
"6","C8","#0F54C0","42"
"6","C9","#324BCA","43"
"6","C10","#3EBCE2","44"
"6","C11","#28DDDE","45"
"6","C12","#1C334D","46"
"6","C13","#CDE8FF","47"
"6","C14","#D5FDFF","48"
"6","C15","#22C4C6","49"
"6","C16","#1557A8","50"
"6","C17","#04D1F6","51"
"6","D1","#AEB4F2","52"
"6","D2","#858EDD","53"
"6","D3","#2F54AF","54"
"6","D5","#B843C5","55"
"6","D6","#AC7BDE","56"
"6","D7","#8854B3","57"
"6","D8","#E2D3FF","58"
"6","D9","#D5B9F8","59"
"6","D11","#B9BAE1","60"
"6","D12","#DE9AD4","61"
"6","D13","#B90095","62"
"6","D14","#8B279B","63"
"6","D15","#2F1F90","64"
"6","D16","#E3E1EE","65"
"6","D17","#C4D4F6","66"
"6","D18","#A45EC7","67"
"6","D19","#D8C3D7","68"
"6","D20","#9C32B2","69"
"6","D21","#9A009B","70"
"6","E1","#FDD3CC","71"
"6","E2","#FEC0DF","72"
"6","E3","#FFB7E7","73"
"6","E4","#E8649E","74"
"6","E5","#F551A2","75"
"6","E6","#F13D74","76"
"6","E7","#C63478","77"
"6","E8","#FFDBE9","78"
"6","E9","#E970CC","79"
"6","E10","#D33793","80"
"6","E11","#FCDDD2","81"
"6","E12","#F78FC3","82"
"6","E13","#B5006D","83"
"6","E14","#FFD1BA","84"
"6","E15","#F8C7C9","85"
"6","F1","#FD957B","86"
"6","F2","#FC3D46","87"
"6","F3","#F74941","88"
"6","F4","#FC283C","89"
"6","F5","#E7002F","90"
"6","F6","#943630","91"
"6","F7","#971937","92"
"6","F8","#BC0028","93"
"6","F9","#E2677A","94"
"6","F10","#8A4526","95"
"6","F11","#5A2121","96"
"6","F12","#FD4E6A","97"
"6","F13","#F35744","98"
"6","F14","#FFA9AD","99"
"6","G1","#FFE2CE","100"
"6","G2","#FFC4AA","101"
"6","G3","#F4C3A5","102"
"6","G5","#EDB045","103"
"6","G6","#E99C17","104"
"6","G7","#9D5B3E","105"
"6","G8","#753B32","106"
"6","G9","#E6B483","107"
"6","G10","#D98C39","108"
"6","G11","#E0C593","109"
"6","G12","#FFC890","110"
"6","G13","#B7714A","111"
"6","G14","#8D614C","112"
"6","G15","#FCF9E0","113"
"6","G16","#F2D9BA","114"
"6","G17","#7B524B","115"
"6","H1","#FDFBFF","116"
"6","H2","#FEFFFF","117"
"6","H3","#B6B1BA","118"
"6","H4","#89858C","119"
"6","H5","#48464E","120"
"6","H6","#2F2B2F","121"
"6","H7","#000000","122"
"6","H8","#E7D6DB","123"
"6","H9","#EDEDED","124"
"6","H10","#EEE9EA","125"
"6","H11","#CECDD5","126"
"6","H12","#FFF5ED","127"
"6","H13","#F5ECD2","128"
"6","H14","#CFD7D3","129"
"6","M1","#BCC6B8","130"
"6","M2","#8AA386","131"
"6","M3","#697D80","132"
"6","M4","#E3D2BC","133"
"6","M5","#D0CCAA","134"
"6","M6","#B0A782","135"
"6","M7","#B4A497","136"
"6","M8","#B38281","137"
"6","M9","#A58767","138"
"6","M10","#C5B2BC","139"
"6","M11","#9F7594","140"
"6","M12","#644749","141"
"6","M13","#D19066","142"
"6","M14","#C77362","143"
"7","A1","#FAF4C8","1"
"7","A2","#FFFFD5","2"
"7","A3","#FEFF8B","3"
"7","A4","#FBED56","4"
"7","A5","#F4D738","5"
"7","A6","#FEAC4C","6"
"7","A7","#FE8B4C","7"
"7","A8","#FFDA45","8"
"7","A9","#FF995B","9"
"7","A10","#F77C31","10"
"7","A11","#FFDD99","11"
"7","A12","#FE9F72","12"
"7","A13","#FFC365","13"
"7","A14","#FD543D","14"
"7","A15","#FFF365","15"
"7","A16","#FFFF9F","16"
"7","A17","#FFE36E","17"
"7","A18","#FEBE7D","18"
"7","A19","#FD7C72","19"
"7","A20","#FFD568","20"
"7","A21","#FFE395","21"
"7","A22","#F4F57D","22"
"7","A23","#E6C9B7","23"
"7","A24","#F7F8A2","24"
"7","A25","#FFD67D","25"
"7","A26","#FFC830","26"
"7","B1","#E6EE31","27"
"7","B2","#63F347","28"
"7","B3","#9EF780","29"
"7","B4","#5DE035","30"
"7","B5","#35E352","31"
"7","B6","#65E2A6","32"
"7","B7","#3DAF80","33"
"7","B8","#1C9C4F","34"
"7","B9","#27523A","35"
"7","B10","#95D3C2","36"
"7","B11","#5D722A","37"
"7","B12","#166F41","38"
"7","B13","#CAEB7B","39"
"7","B14","#ADE946","40"
"7","B15","#2E5132","41"
"7","B16","#C5ED9C","42"
"7","B17","#9BB13A","43"
"7","B18","#E6EE49","44"
"7","B19","#24B88C","45"
"7","B20","#C2F0CC","46"
"7","B21","#156A6B","47"
"7","B22","#0B3C43","48"
"7","B23","#303A21","49"
"7","B24","#EEFCA5","50"
"7","B25","#4E846D","51"
"7","B26","#8D7A35","52"
"7","B27","#CCE1AF","53"
"7","B28","#9EE5B9","54"
"7","B29","#C5E254","55"
"7","B30","#E2FCB1","56"
"7","B31","#B0E792","57"
"7","B32","#9CAB5A","58"
"7","C1","#E8FFE7","59"
"7","C2","#A9F9FC","60"
"7","C3","#A0E2FB","61"
"7","C4","#41CCFF","62"
"7","C5","#01ACEB","63"
"7","C6","#50AAF0","64"
"7","C7","#3677D2","65"
"7","C8","#0F54C0","66"
"7","C9","#324BCA","67"
"7","C10","#3EBCE2","68"
"7","C11","#28DDDE","69"
"7","C12","#1C334D","70"
"7","C13","#CDE8FF","71"
"7","C14","#D5FDFF","72"
"7","C15","#22C4C6","73"
"7","C16","#1557A8","74"
"7","C17","#04D1F6","75"
"7","C18","#1D3344","76"
"7","C19","#1887A2","77"
"7","C20","#176DAF","78"
"7","C21","#BEDDFF","79"
"7","C22","#67B4BE","80"
"7","C23","#C8E2FF","81"
"7","C24","#7CC4FF","82"
"7","C25","#A9E5E5","83"
"7","C26","#3CAED8","84"
"7","C27","#D3DFFA","85"
"7","C28","#BBCFED","86"
"7","C29","#34488E","87"
"7","D1","#AEB4F2","88"
"7","D2","#858EDD","89"
"7","D3","#2F54AF","90"
"7","D4","#182A84","91"
"7","D5","#B843C5","92"
"7","D6","#AC7BDE","93"
"7","D7","#8854B3","94"
"7","D8","#E2D3FF","95"
"7","D9","#D5B9F8","96"
"7","D10","#361B51","97"
"7","D11","#B9BAE1","98"
"7","D12","#DE9AD4","99"
"7","D13","#B90095","100"
"7","D14","#8B279B","101"
"7","D15","#2F1F90","102"
"7","D16","#E3E1EE","103"
"7","D17","#C4D4F6","104"
"7","D18","#A45EC7","105"
"7","D19","#D8C3D7","106"
"7","D20","#9C32B2","107"
"7","D21","#9A009B","108"
"7","D22","#333A95","109"
"7","D23","#EBDAFC","110"
"7","D24","#7786E5","111"
"7","D25","#494FC7","112"
"7","D26","#DFC2F8","113"
"7","E1","#FDD3CC","114"
"7","E2","#FEC0DF","115"
"7","E3","#FFB7E7","116"
"7","E4","#E8649E","117"
"7","E5","#F551A2","118"
"7","E6","#F13D74","119"
"7","E7","#C63478","120"
"7","E8","#FFDBE9","121"
"7","E9","#E970CC","122"
"7","E10","#D33793","123"
"7","E11","#FCDDD2","124"
"7","E12","#F78FC3","125"
"7","E13","#B5006D","126"
"7","E14","#FFD1BA","127"
"7","E15","#F8C7C9","128"
"7","E16","#FFF3EB","129"
"7","E17","#FFE2EA","130"
"7","E18","#FFC7DB","131"
"7","E19","#FEBAD5","132"
"7","E20","#D8C7D1","133"
"7","E21","#BD9DA1","134"
"7","E22","#B785A1","135"
"7","E23","#937A8D","136"
"7","E24","#E1BCE8","137"
"7","F1","#FD957B","138"
"7","F2","#FC3D46","139"
"7","F3","#F74941","140"
"7","F4","#FC283C","141"
"7","F5","#E7002F","142"
"7","F6","#943630","143"
"7","F7","#971937","144"
"7","F8","#BC0028","145"
"7","F9","#E2677A","146"
"7","F10","#8A4526","147"
"7","F11","#5A2121","148"
"7","F12","#FD4E6A","149"
"7","F13","#F35744","150"
"7","F14","#FFA9AD","151"
"7","F15","#D30022","152"
"7","F16","#FEC2A6","153"
"7","F17","#E69C79","154"
"7","F18","#D37C46","155"
"7","F19","#C1444A","156"
"7","F20","#CD9391","157"
"7","F21","#F7B4C6","158"
"7","F22","#F7C3D0","159"
"7","F23","#F67E66","160"
"7","F24","#E698AA","161"
"7","F25","#E54B4F","162"
"7","G1","#FFE2CE","163"
"7","G2","#FFC4AA","164"
"7","G3","#F4C3A5","165"
"7","G4","#E1B383","166"
"7","G5","#EDB045","167"
"7","G6","#E99C17","168"
"7","G7","#9D5B3E","169"
"7","G8","#753B32","170"
"7","G9","#E6B483","171"
"7","G10","#D98C39","172"
"7","G11","#E0C593","173"
"7","G12","#FFC890","174"
"7","G13","#B7714A","175"
"7","G14","#8D614C","176"
"7","G15","#FCF9E0","177"
"7","G16","#F2D9BA","178"
"7","G17","#7B524B","179"
"7","G18","#FFE4CC","180"
"7","G19","#E07935","181"
"7","G20","#A94023","182"
"7","G21","#B88558","183"
"7","H1","#FDFBFF","184"
"7","H2","#FEFFFF","185"
"7","H3","#B6B1BA","186"
"7","H4","#89858C","187"
"7","H5","#48464E","188"
"7","H6","#2F2B2F","189"
"7","H7","#000000","190"
"7","H8","#E7D6DB","191"
"7","H9","#EDEDED","192"
"7","H10","#EEE9EA","193"
"7","H11","#CECDD5","194"
"7","H12","#FFF5ED","195"
"7","H13","#F5ECD2","196"
"7","H14","#CFD7D3","197"
"7","H15","#98A6A8","198"
"7","H16","#1D1414","199"
"7","H17","#F1EDED","200"
"7","H18","#FFFDF0","201"
"7","H19","#F6EFE2","202"
"7","H20","#949FA3","203"
"7","H21","#FFFBE1","204"
"7","H22","#CACAD4","205"
"7","H23","#9A9D94","206"
"7","M1","#BCC6B8","207"
"7","M2","#8AA386","208"
"7","M3","#697D80","209"
"7","M4","#E3D2BC","210"
"7","M5","#D0CCAA","211"
"7","M6","#B0A782","212"
"7","M7","#B4A497","213"
"7","M8","#B38281","214"
"7","M9","#A58767","215"
"7","M10","#C5B2BC","216"
"7","M11","#9F7594","217"
"7","M12","#644749","218"
"7","M13","#D19066","219"
"7","M14","#C77362","220"
"7","M15","#757D7B","221"
"8","A1","#FAF4C8","1"
"8","A2","#FFFFD5","2"
"8","A3","#FEFF8B","3"
"8","A4","#FBED56","4"
"8","A5","#F4D738","5"
"8","A6","#FEAC4C","6"
"8","A7","#FE8B4C","7"
"8","A8","#FFDA45","8"
"8","A9","#FF995B","9"
"8","A10","#F77C31","10"
"8","A11","#FFDD99","11"
"8","A12","#FE9F72","12"
"8","A13","#FFC365","13"
"8","A14","#FD543D","14"
"8","A15","#FFF365","15"
"8","A16","#FFFF9F","16"
"8","A17","#FFE36E","17"
"8","A18","#FEBE7D","18"
"8","A19","#FD7C72","19"
"8","A20","#FFD568","20"
"8","A21","#FFE395","21"
"8","A22","#F4F57D","22"
"8","A23","#E6C9B7","23"
"8","A24","#F7F8A2","24"
"8","A25","#FFD67D","25"
"8","A26","#FFC830","26"
"8","B1","#E6EE31","27"
"8","B2","#63F347","28"
"8","B3","#9EF780","29"
"8","B4","#5DE035","30"
"8","B5","#35E352","31"
"8","B6","#65E2A6","32"
"8","B7","#3DAF80","33"
"8","B8","#1C9C4F","34"
"8","B9","#27523A","35"
"8","B10","#95D3C2","36"
"8","B11","#5D722A","37"
"8","B12","#166F41","38"
"8","B13","#CAEB7B","39"
"8","B14","#ADE946","40"
"8","B15","#2E5132","41"
"8","B16","#C5ED9C","42"
"8","B17","#9BB13A","43"
"8","B18","#E6EE49","44"
"8","B19","#24B88C","45"
"8","B20","#C2F0CC","46"
"8","B21","#156A6B","47"
"8","B22","#0B3C43","48"
"8","B23","#303A21","49"
"8","B24","#EEFCA5","50"
"8","B25","#4E846D","51"
"8","B26","#8D7A35","52"
"8","B27","#CCE1AF","53"
"8","B28","#9EE5B9","54"
"8","B29","#C5E254","55"
"8","B30","#E2FCB1","56"
"8","B31","#B0E792","57"
"8","B32","#9CAB5A","58"
"8","C1","#E8FFE7","59"
"8","C2","#A9F9FC","60"
"8","C3","#A0E2FB","61"
"8","C4","#41CCFF","62"
"8","C5","#01ACEB","63"
"8","C6","#50AAF0","64"
"8","C7","#3677D2","65"
"8","C8","#0F54C0","66"
"8","C9","#324BCA","67"
"8","C10","#3EBCE2","68"
"8","C11","#28DDDE","69"
"8","C12","#1C334D","70"
"8","C13","#CDE8FF","71"
"8","C14","#D5FDFF","72"
"8","C15","#22C4C6","73"
"8","C16","#1557A8","74"
"8","C17","#04D1F6","75"
"8","C18","#1D3344","76"
"8","C19","#1887A2","77"
"8","C20","#176DAF","78"
"8","C21","#BEDDFF","79"
"8","C22","#67B4BE","80"
"8","C23","#C8E2FF","81"
"8","C24","#7CC4FF","82"
"8","C25","#A9E5E5","83"
"8","C26","#3CAED8","84"
"8","C27","#D3DFFA","85"
"8","C28","#BBCFED","86"
"8","D1","#AEB4F2","87"
"8","D2","#858EDD","88"
"8","D3","#2F54AF","89"
"8","D4","#182A84","90"
"8","D5","#B843C5","91"
"8","D6","#AC7BDE","92"
"8","D7","#8854B3","93"
"8","D8","#E2D3FF","94"
"8","D9","#D5B9F8","95"
"8","D10","#361B51","96"
"8","D11","#B9BAE1","97"
"8","D12","#DE9AD4","98"
"8","D13","#B90095","99"
"8","D14","#8B279B","100"
"8","D15","#2F1F90","101"
"8","D16","#E3E1EE","102"
"8","D17","#C4D4F6","103"
"8","D18","#A45EC7","104"
"8","D19","#D8C3D7","105"
"8","D20","#9C32B2","106"
"8","D21","#9A009B","107"
"8","D22","#333A95","108"
"8","D23","#EBDAFC","109"
"8","D24","#7786E5","110"
"8","D25","#494FC7","111"
"8","D26","#DFC2F8","112"
"8","E1","#FDD3CC","113"
"8","E2","#FEC0DF","114"
"8","E3","#FFB7E7","115"
"8","E4","#E8649E","116"
"8","E5","#F551A2","117"
"8","E6","#F13D74","118"
"8","E7","#C63478","119"
"8","E8","#FFDBE9","120"
"8","E9","#E970CC","121"
"8","E10","#D33793","122"
"8","E11","#FCDDD2","123"
"8","E12","#F78FC3","124"
"8","E13","#B5006D","125"
"8","E14","#FFD1BA","126"
"8","E15","#F8C7C9","127"
"8","E16","#FFF3EB","128"
"8","E17","#FFE2EA","129"
"8","E18","#FFC7DB","130"
"8","E19","#FEBAD5","131"
"8","E20","#D8C7D1","132"
"8","E21","#BD9DA1","133"
"8","E22","#B785A1","134"
"8","E23","#937A8D","135"
"8","E24","#E1BCE8","136"
"8","F1","#FD957B","137"
"8","F2","#FC3D46","138"
"8","F3","#F74941","139"
"8","F4","#FC283C","140"
"8","F5","#E7002F","141"
"8","F6","#943630","142"
"8","F7","#971937","143"
"8","F8","#BC0028","144"
"8","F9","#E2677A","145"
"8","F10","#8A4526","146"
"8","F11","#5A2121","147"
"8","F12","#FD4E6A","148"
"8","F13","#F35744","149"
"8","F14","#FFA9AD","150"
"8","F15","#D30022","151"
"8","F16","#FEC2A6","152"
"8","F17","#E69C79","153"
"8","F18","#D37C46","154"
"8","F19","#C1444A","155"
"8","F20","#CD9391","156"
"8","F21","#F7B4C6","157"
"8","F22","#F7C3D0","158"
"8","F23","#F67E66","159"
"8","F24","#E698AA","160"
"8","F25","#E54B4F","161"
"8","G1","#FFE2CE","162"
"8","G2","#FFC4AA","163"
"8","G3","#F4C3A5","164"
"8","G4","#E1B383","165"
"8","G5","#EDB045","166"
"8","G6","#E99C17","167"
"8","G7","#9D5B3E","168"
"8","G8","#753B32","169"
"8","G9","#E6B483","170"
"8","G10","#D98C39","171"
"8","G11","#E0C593","172"
"8","G12","#FFC890","173"
"8","G13","#B7714A","174"
"8","G14","#8D614C","175"
"8","G15","#FCF9E0","176"
"8","G16","#F2D9BA","177"
"8","G17","#7B524B","178"
"8","G18","#FFE4CC","179"
"8","G19","#E07935","180"
"8","G20","#A94023","181"
"8","G21","#B88558","182"
"8","H1","#FDFBFF","183"
"8","H2","#FEFFFF","184"
"8","H3","#B6B1BA","185"
"8","H4","#89858C","186"
"8","H5","#48464E","187"
"8","H6","#2F2B2F","188"
"8","H7","#000000","189"
"8","H8","#E7D6DB","190"
"8","H9","#EDEDED","191"
"8","H10","#EEE9EA","192"
"8","H11","#CECDD5","193"
"8","H12","#FFF5ED","194"
"8","H13","#F5ECD2","195"
"8","H14","#CFD7D3","196"
"8","H15","#98A6A8","197"
"8","H16","#1D1414","198"
"8","H17","#F1EDED","199"
"8","H18","#FFFDF0","200"
"8","H19","#F6EFE2","201"
"8","H20","#949FA3","202"
"8","H21","#FFFBE1","203"
"8","H22","#CACAD4","204"
"8","H23","#9A9D94","205"
"8","M1","#BCC6B8","206"
"8","M2","#8AA386","207"
"8","M3","#697D80","208"
"8","M4","#E3D2BC","209"
"8","M5","#D0CCAA","210"
"8","M6","#B0A782","211"
"8","M7","#B4A497","212"
"8","M8","#B38281","213"
"8","M9","#A58767","214"
"8","M10","#C5B2BC","215"
"8","M11","#9F7594","216"
"8","M12","#644749","217"
"8","M13","#D19066","218"
"8","M14","#C77362","219"
"8","M15","#757D7B","220"
"8","P1","#FCF7F8","221"
"8","P2","#B0A9AC","222"
"8","P3","#AFDCAB","223"
"8","P4","#FEA49F","224"
"8","P5","#EE8C3E","225"
"8","P6","#5FD0A7","226"
"8","P7","#EB9270","227"
"8","P8","#F0D958","228"
"8","P9","#D9D9D9","229"
"8","P10","#D9C7EA","230"
"8","P11","#F3ECC9","231"
"8","P12","#E6EEF2","232"
"8","P13","#AACBEF","233"
"8","P14","#3376B0","234"
"8","P15","#668575","235"
"8","P16","#FEBF45","236"
"8","P17","#FEA324","237"
"8","P18","#FEB89F","238"
"8","P19","#FFE0E9","239"
"8","P20","#FEBECF","240"
"8","P21","#ECBEBF","241"
"8","P22","#E4A89F","242"
"8","P23","#A56268","243"
"8","Q2","#E9EC91","244"
"8","Q5","#76CEDE","245"
"8","R1","#D50D21","246"
"8","R2","#F92F83","247"
"8","R3","#FD8324","248"
"8","R4","#F8EC31","249"
"8","R5","#35C75B","250"
"8","R6","#23B891","251"
"8","R7","#19779D","252"
"8","R8","#1A60C3","253"
"8","R9","#9A56B4","254"
"8","R10","#FFDB4C","255"
"8","R11","#FFEBFA","256"
"8","R12","#D8D5CE","257"
"8","R13","#55514C","258"
"8","T1","#FFFFFF","259"
"8","Y1","#FD6FB4","260"
"8","Y2","#FEB481","261"
"8","Y3","#D7FAA0","262"
"8","Y4","#8BDBFA","263"
"8","Y5","#E987EA","264"
"9","A1","#FAF5CD","1"
"9","A2","#FCFED6","2"
"9","A3","#FCFF92","3"
"9","A4","#F7EC5C","4"
"9","A5","#F0D83A","5"
"9","A6","#FDA951","6"
"9","A7","#FA8C4F","7"
"9","A8","#FDD94D","8"
"9","A9","#F99C5F","9"
"9","A10","#F47E36","10"
"9","A11","#FEDB99","11"
"9","A12","#FDA276","12"
"9","A13","#FEC667","13"
"9","A14","#F85842","14"
"9","A15","#FBF65E","15"
"9","A16","#FEFF97","16"
"9","A17","#FDE173","17"
"9","A18","#FCBF80","18"
"9","A19","#FD7E77","19"
"9","A20","#F9D66E","20"
"9","A21","#FAE393","21"
"9","A22","#EDF878","22"
"9","A23","#E1C9BD","23"
"9","A24","#F3F6A9","24"
"9","A25","#FFD785","25"
"9","A26","#FEC832","26"
"9","B1","#DFF139","27"
"9","B2","#64F343","28"
"9","B3","#9FF685","29"
"9","B4","#5FDF34","30"
"9","B5","#39E158","31"
"9","B6","#64E0A4","32"
"9","B7","#3FAE7C","33"
"9","B8","#1D9E54","34"
"9","B9","#2A5037","35"
"9","B10","#9AD1BA","36"
"9","B11","#627032","37"
"9","B12","#1A6E3D","38"
"9","B13","#C8E87D","39"
"9","B14","#ACE84C","40"
"9","B15","#305335","41"
"9","B16","#C0ED9C","42"
"9","B17","#9EB33E","43"
"9","B18","#E6ED4F","44"
"9","B19","#26B78E","45"
"9","B20","#CAEDCF","46"
"9","B21","#176268","47"
"9","B22","#0A4241","48"
"9","B23","#343B1A","49"
"9","B24","#E8FAA6","50"
"9","B25","#4E846D","51"
"9","B26","#907C35","52"
"9","B27","#D0E0AF","53"
"9","B28","#9EE5BB","54"
"9","B29","#C6DF5F","55"
"9","B30","#E3FBB1","56"
"9","B31","#B2E694","57"
"9","B32","#92AD60","58"
"9","C1","#E8FFE7","59"
"9","C2","#ABF8FE","60"
"9","C3","#9EE0F8","61"
"9","C4","#44CDFB","62"
"9","C5","#06ABE3","63"
"9","C6","#54A7E9","64"
"9","C7","#3977CC","65"
"9","C8","#0F52BD","66"
"9","C9","#3349C3","67"
"9","C10","#3DBBE3","68"
"9","C11","#2ADED3","69"
"9","C12","#1E334E","70"
"9","C13","#CDE7FE","71"
"9","C14","#D6FDFC","72"
"9","C15","#21C5C4","73"
"9","C16","#1858A2","74"
"9","C17","#02D1F3","75"
"9","C18","#213244","76"
"9","C19","#188690","77"
"9","C20","#1A70A9","78"
"9","C21","#BEDDFC","79"
"9","C22","#6BB1BB","80"
"9","C23","#C8E2F9","81"
"9","C24","#7EC5F9","82"
"9","C25","#A9E8E0","83"
"9","C26","#42ADD1","84"
"9","C27","#D0DEEF","85"
"9","C28","#BDCEED","86"
"9","C29","#364A89","87"
"9","D1","#ACB7EF","88"
"9","D2","#868DD3","89"
"9","D3","#3653AF","90"
"9","D4","#162C7E","91"
"9","D5","#B34EC6","92"
"9","D6","#B37BDC","93"
"9","D7","#8758A9","94"
"9","D8","#E3D2FE","95"
"9","D9","#D6BAF5","96"
"9","D10","#301A49","97"
"9","D11","#BCBAE2","98"
"9","D12","#DC99CE","99"
"9","D13","#B5038F","100"
"9","D14","#882893","101"
"9","D15","#2F1E8E","102"
"9","D16","#E2E4F0","103"
"9","D17","#C7D3F9","104"
"9","D18","#9A64B8","105"
"9","D19","#D8C2D9","106"
"9","D20","#9C34AD","107"
"9","D21","#940595","108"
"9","D22","#383995","109"
"9","D23","#FADBF8","110"
"9","D24","#768AE1","111"
"9","D25","#4950C2","112"
"9","D26","#D6C6EB","113"
"9","E1","#F6D4CB","114"
"9","E2","#FCC1DD","115"
"9","E3","#F6BDE8","116"
"9","E4","#E9639E","117"
"9","E5","#F1559F","118"
"9","E6","#EC4072","119"
"9","E7","#C63674","120"
"9","E8","#FDDBE9","121"
"9","E9","#E575C7","122"
"9","E10","#D33997","123"
"9","E11","#F7DAD4","124"
"9","E12","#F893BF","125"
"9","E13","#B5026A","126"
"9","E14","#FAD4BF","127"
"9","E15","#F5C9CA","128"
"9","E16","#FBF4EC","129"
"9","E17","#F7E3EC","130"
"9","E18","#FBCBDB","131"
"9","E19","#F6BBD1","132"
"9","E20","#D7C6CE","133"
"9","E21","#C09DA4","134"
"9","E22","#B58B9F","135"
"9","E23","#937D8A","136"
"9","E24","#DEBEE5","137"
"9","F1","#FF9280","138"
"9","F2","#F73D48","139"
"9","F3","#EF4D3E","140"
"9","F4","#F92B40","141"
"9","F5","#E30328","142"
"9","F6","#913635","143"
"9","F7","#911932","144"
"9","F8","#BB0126","145"
"9","F9","#E0677A","146"
"9","F10","#874628","147"
"9","F11","#592323","148"
"9","F12","#F8516D","149"
"9","F13","#F45C45","150"
"9","F14","#FCADB2","151"
"9","F15","#D50527","152"
"9","F16","#F8C0A9","153"
"9","F17","#E89B7D","154"
"9","F18","#D07E4A","155"
"9","F19","#BE454A","156"
"9","F20","#C69495","157"
"9","F21","#F2BBC6","158"
"9","F22","#F7C3D0","159"
"9","F23","#EC806D","160"
"9","F24","#E09DAF","161"
"9","F25","#E84854","162"
"9","G1","#FFE4D3","163"
"9","G2","#FCC6AC","164"
"9","G3","#F1C4A5","165"
"9","G4","#DCB387","166"
"9","G5","#E7B34E","167"
"9","G6","#F3A014","168"
"9","G7","#98503A","169"
"9","G8","#713D2F","170"
"9","G9","#E4B685","171"
"9","G10","#DA8C42","172"
"9","G11","#DAC898","173"
"9","G12","#FEC993","174"
"9","G13","#B2714B","175"
"9","G14","#8B684C","176"
"9","G15","#F6F8E3","177"
"9","G16","#F2D8C1","178"
"9","G17","#79544E","179"
"9","G18","#FFE4D6","180"
"9","G19","#DD7D41","181"
"9","G20","#A5452F","182"
"9","G21","#B38561","183"
"9","H1","#FBFBFB","184"
"9","H2","#FFFFFF","185"
"9","H3","#B4B4B4","186"
"9","H4","#878787","187"
"9","H5","#464648","188"
"9","H6","#2C2C2C","189"
"9","H7","#010101","190"
"9","H8","#E7D6DC","191"
"9","H9","#EFEDEE","192"
"9","H10","#ECEAEB","193"
"9","H11","#CDCDCD","194"
"9","H12","#FDF6EE","195"
"9","H13","#F4EFD1","196"
"9","H14","#CED7D4","197"
"9","H15","#98A6A6","198"
"9","H16","#1B1213","199"
"9","H17","#F0EEEF","200"
"9","H18","#FCFFF8","201"
"9","H19","#F2EEE5","202"
"9","H20","#96A09F","203"
"9","H21","#F8FBE6","204"
"9","H22","#CACADA","205"
"9","H23","#9B9C94","206"
"9","M1","#BBC6B6","207"
"9","M2","#909994","208"
"9","M3","#697E80","209"
"9","M4","#E0D4BC","210"
"9","M5","#D0CBAE","211"
"9","M6","#B0AA86","212"
"9","M7","#B0A796","213"
"9","M8","#AE8082","214"
"9","M9","#A88764","215"
"9","M10","#C6B2BB","216"
"9","M11","#9D7693","217"
"9","M12","#644B51","218"
"9","M13","#C79266","219"
"9","M14","#C37463","220"
"9","M15","#747D7A","221"
"9","P1","#F9F9F9","222"
"9","P2","#ABABAB","223"
"9","P3","#B6DBAF","224"
"9","P4","#FEA2A3","225"
"9","P5","#EB903F","226"
"9","P6","#63CEA2","227"
"9","P7","#E79273","228"
"9","P8","#ECDB59","229"
"9","P9","#DBD9DA","230"
"9","P10","#DBC7EA","231"
"9","P11","#F1E9D4","232"
"9","P12","#E9EDEE","233"
"9","P13","#ADCBF1","234"
"9","P14","#337BAD","235"
"9","P15","#EEE2E8","236"
"9","P16","#FDC24E","237"
"9","P17","#FDA42E","238"
"9","P18","#FEBDA7","239"
"9","P19","#FFDEE9","240"
"9","P20","#FCBFD1","241"
"9","P21","#E8BEC2","242"
"9","P22","#DFAAA4","243"
"9","P23","#A3656A","244"
"9","R1","#D40E1F","245"
"9","R2","#F13484","246"
"9","R3","#FB852B","247"
"9","R4","#F8ED33","248"
"9","R5","#32C958","249"
"9","R6","#1EBA93","250"
"9","R7","#1D779C","251"
"9","R8","#1960C8","252"
"9","R9","#945AB1","253"
"9","R10","#F8DA54","254"
"9","R11","#FCECF7","255"
"9","R12","#D8D4D3","256"
"9","R13","#56534E","257"
"9","R14","#A3E7DC","258"
"9","R15","#78CEE7","259"
"9","R16","#3FCDCE","260"
"9","R17","#4E8379","261"
"9","R18","#7DCA9C","262"
"9","R19","#C8E664","263"
"9","R20","#E3CCBA","264"
"9","R21","#A17140","265"
"9","R22","#6B372C","266"
"9","R23","#F6BB6F","267"
"9","R24","#F3C6C0","268"
"9","R25","#C76A62","269"
"9","R26","#D093BC","270"
"9","R27","#E58EAE","271"
"9","R28","#9F85CF","272"
"9","T1","#FCFDFF","273"
"9","Y1","#FF6FB7","274"
"9","Y2","#FDB583","275"
"9","Y3","#D8FCA4","276"
"9","Y4","#91DAFB","277"
"9","Y5","#E987EA","278"
"9","ZG1","#DAABB3","279"
"9","ZG2","#D6AA87","280"
"9","ZG3","#C1BD8D","281"
"9","ZG4","#96B69F","282"
"9","ZG5","#849DC6","283"
"9","ZG6","#94BFE2","284"
"9","ZG7","#E2A9D2","285"
"9","ZG8","#AB91C0","286"
"10","A4","#FBED56","1"
"10","A6","#FEAC4C","2"
"10","A7","#FE8B4C","3"
"10","B3","#9EF780","4"
"10","B5","#35E352","5"
"10","B8","#1C9C4F","6"
"10","C3","#A0E2FB","7"
"10","C5","#01ACEB","8"
"10","C8","#0F54C0","9"
"10","D6","#AC7BDE","10"
"10","D7","#8854B3","11"
"10","D9","#D5B9F8","12"
"10","E2","#FEC0DF","13"
"10","E4","#E8649E","14"
"10","E5","#F551A2","15"
"10","G1","#FFE2CE","16"
"10","G5","#EDB045","17"
"10","G7","#9D5B3E","18"
"10","H1","#FDFBFF","19"
"10","H2","#FEFFFF","20"
"10","H3","#B6B1BA","21"
"10","H4","#89858C","22"
"10","H5","#48464E","23"
"10","H7","#000000","24"
"11","A4","#FBED56","1"
"11","A6","#FEAC4C","2"
"11","A7","#FE8B4C","3"
"11","A10","#F77C31","4"
"11","A11","#FFDD99","5"
"11","A13","#FFC365","6"
"11","B3","#9EF780","7"
"11","B5","#35E352","8"
"11","B8","#1C9C4F","9"
"11","B12","#166F41","10"
"11","C2","#A9F9FC","11"
"11","C3","#A0E2FB","12"
"11","C5","#01ACEB","13"
"11","C6","#50AAF0","14"
"11","C7","#3677D2","15"
"11","C8","#0F54C0","16"
"11","C10","#3EBCE2","17"
"11","C11","#28DDDE","18"
"11","C13","#CDE8FF","19"
"11","D3","#2F54AF","20"
"11","D6","#AC7BDE","21"
"11","D7","#8854B3","22"
"11","D9","#D5B9F8","23"
"11","D13","#B90095","24"
"11","D15","#2F1F90","25"
"11","D18","#A45EC7","26"
"11","D19","#D8C3D7","27"
"11","D21","#9A009B","28"
"11","E2","#FEC0DF","29"
"11","E3","#FFB7E7","30"
"11","E4","#E8649E","31"
"11","E7","#C63478","32"
"11","E8","#FFDBE9","33"
"11","F5","#E7002F","34"
"11","F8","#BC0028","35"
"11","F13","#F35744","36"
"11","G1","#FFE2CE","37"
"11","G5","#EDB045","38"
"11","G7","#9D5B3E","39"
"11","G8","#753B32","40"
"11","G9","#E6B483","41"
"11","G13","#B7714A","42"
"11","H1","#FDFBFF","43"
"11","H2","#FEFFFF","44"
"11","H3","#B6B1BA","45"
"11","H4","#89858C","46"
"11","H5","#48464E","47"
"11","H7","#000000","48"
"12","A3","#FEFF8B","1"
"12","A4","#FBED56","2"
"12","A6","#FEAC4C","3"
"12","A7","#FE8B4C","4"
"12","A10","#F77C31","5"
"12","A11","#FFDD99","6"
"12","A13","#FFC365","7"
"12","B3","#9EF780","8"
"12","B5","#35E352","9"
"12","B7","#3DAF80","10"
"12","B8","#1C9C4F","11"
"12","B10","#95D3C2","12"
"12","B12","#166F41","13"
"12","B14","#ADE946","14"
"12","B17","#9BB13A","15"
"12","B18","#E6EE49","16"
"12","B19","#24B88C","17"
"12","B20","#C2F0CC","18"
"12","C2","#A9F9FC","19"
"12","C3","#A0E2FB","20"
"12","C5","#01ACEB","21"
"12","C6","#50AAF0","22"
"12","C7","#3677D2","23"
"12","C8","#0F54C0","24"
"12","C10","#3EBCE2","25"
"12","C11","#28DDDE","26"
"12","C13","#CDE8FF","27"
"12","C16","#1557A8","28"
"12","D2","#858EDD","29"
"12","D3","#2F54AF","30"
"12","D6","#AC7BDE","31"
"12","D7","#8854B3","32"
"12","D8","#E2D3FF","33"
"12","D9","#D5B9F8","34"
"12","D11","#B9BAE1","35"
"12","D12","#DE9AD4","36"
"12","D13","#B90095","37"
"12","D14","#8B279B","38"
"12","D15","#2F1F90","39"
"12","D16","#E3E1EE","40"
"12","D18","#A45EC7","41"
"12","D19","#D8C3D7","42"
"12","D20","#9C32B2","43"
"12","D21","#9A009B","44"
"12","E1","#FDD3CC","45"
"12","E2","#FEC0DF","46"
"12","E3","#FFB7E7","47"
"12","E4","#E8649E","48"
"12","E5","#F551A2","49"
"12","E7","#C63478","50"
"12","E8","#FFDBE9","51"
"12","E12","#F78FC3","52"
"12","E13","#B5006D","53"
"12","F5","#E7002F","54"
"12","F7","#971937","55"
"12","F8","#BC0028","56"
"12","F10","#8A4526","57"
"12","F13","#F35744","58"
"12","G1","#FFE2CE","59"
"12","G2","#FFC4AA","60"
"12","G3","#F4C3A5","61"
"12","G5","#EDB045","62"
"12","G7","#9D5B3E","63"
"12","G8","#753B32","64"
"12","G9","#E6B483","65"
"12","G13","#B7714A","66"
"12","H1","#FDFBFF","67"
"12","H2","#FEFFFF","68"
"12","H3","#B6B1BA","69"
"12","H4","#89858C","70"
"12","H5","#48464E","71"
"12","H7","#000000","72"
"13","A3","#FEFF8B","1"
"13","A4","#FBED56","2"
"13","A6","#FEAC4C","3"
"13","A7","#FE8B4C","4"
"13","A10","#F77C31","5"
"13","A11","#FFDD99","6"
"13","A13","#FFC365","7"
"13","A14","#FD543D","8"
"13","B3","#9EF780","9"
"13","B5","#35E352","10"
"13","B7","#3DAF80","11"
"13","B8","#1C9C4F","12"
"13","B10","#95D3C2","13"
"13","B12","#166F41","14"
"13","B14","#ADE946","15"
"13","B17","#9BB13A","16"
"13","B18","#E6EE49","17"
"13","B19","#24B88C","18"
"13","B20","#C2F0CC","19"
"13","C2","#A9F9FC","20"
"13","C3","#A0E2FB","21"
"13","C5","#01ACEB","22"
"13","C6","#50AAF0","23"
"13","C7","#3677D2","24"
"13","C8","#0F54C0","25"
"13","C10","#3EBCE2","26"
"13","C11","#28DDDE","27"
"13","C13","#CDE8FF","28"
"13","C16","#1557A8","29"
"13","D2","#858EDD","30"
"13","D3","#2F54AF","31"
"13","D6","#AC7BDE","32"
"13","D7","#8854B3","33"
"13","D8","#E2D3FF","34"
"13","D9","#D5B9F8","35"
"13","D11","#B9BAE1","36"
"13","D12","#DE9AD4","37"
"13","D13","#B90095","38"
"13","D14","#8B279B","39"
"13","D15","#2F1F90","40"
"13","D16","#E3E1EE","41"
"13","D18","#A45EC7","42"
"13","D19","#D8C3D7","43"
"13","D20","#9C32B2","44"
"13","D21","#9A009B","45"
"13","E1","#FDD3CC","46"
"13","E2","#FEC0DF","47"
"13","E3","#FFB7E7","48"
"13","E4","#E8649E","49"
"13","E5","#F551A2","50"
"13","E6","#F13D74","51"
"13","E7","#C63478","52"
"13","E8","#FFDBE9","53"
"13","E9","#E970CC","54"
"13","E10","#D33793","55"
"13","E11","#FCDDD2","56"
"13","E12","#F78FC3","57"
"13","E13","#B5006D","58"
"13","E14","#FFD1BA","59"
"13","E15","#F8C7C9","60"
"13","F1","#FD957B","61"
"13","F2","#FC3D46","62"
"13","F3","#F74941","63"
"13","F4","#FC283C","64"
"13","F5","#E7002F","65"
"13","F6","#943630","66"
"13","F7","#971937","67"
"13","F8","#BC0028","68"
"13","F9","#E2677A","69"
"13","F10","#8A4526","70"
"13","F11","#5A2121","71"
"13","F12","#FD4E6A","72"
"13","F13","#F35744","73"
"13","F14","#FFA9AD","74"
"13","G1","#FFE2CE","75"
"13","G2","#FFC4AA","76"
"13","G3","#F4C3A5","77"
"13","G4","#E1B383","78"
"13","G5","#EDB045","79"
"13","G6","#E99C17","80"
"13","G7","#9D5B3E","81"
"13","G8","#753B32","82"
"13","G9","#E6B483","83"
"13","G13","#B7714A","84"
"13","G14","#8D614C","85"
"13","G17","#7B524B","86"
"13","H2","#FEFFFF","87"
"13","H3","#B6B1BA","88"
"13","H4","#89858C","89"
"13","H5","#48464E","90"
"13","H6","#2F2B2F","91"
"13","H7","#000000","92"
"13","M5","#D0CCAA","93"
"13","M6","#B0A782","94"
"13","M9","#A58767","95"
"13","M12","#644749","96"
"14","A1","#FAF4C8","1"
"14","A3","#FEFF8B","2"
"14","A4","#FBED56","3"
"14","A5","#F4D738","4"
"14","A6","#FEAC4C","5"
"14","A7","#FE8B4C","6"
"14","A8","#FFDA45","7"
"14","A9","#FF995B","8"
"14","A10","#F77C31","9"
"14","A11","#FFDD99","10"
"14","A12","#FE9F72","11"
"14","A13","#FFC365","12"
"14","A14","#FD543D","13"
"14","A15","#FFF365","14"
"14","B1","#E6EE31","15"
"14","B2","#63F347","16"
"14","B3","#9EF780","17"
"14","B4","#5DE035","18"
"14","B5","#35E352","19"
"14","B6","#65E2A6","20"
"14","B7","#3DAF80","21"
"14","B8","#1C9C4F","22"
"14","B10","#95D3C2","23"
"14","B11","#5D722A","24"
"14","B12","#166F41","25"
"14","B13","#CAEB7B","26"
"14","B14","#ADE946","27"
"14","B15","#2E5132","28"
"14","B16","#C5ED9C","29"
"14","B17","#9BB13A","30"
"14","B18","#E6EE49","31"
"14","B19","#24B88C","32"
"14","B20","#C2F0CC","33"
"14","C1","#E8FFE7","34"
"14","C2","#A9F9FC","35"
"14","C3","#A0E2FB","36"
"14","C4","#41CCFF","37"
"14","C5","#01ACEB","38"
"14","C6","#50AAF0","39"
"14","C7","#3677D2","40"
"14","C8","#0F54C0","41"
"14","C9","#324BCA","42"
"14","C10","#3EBCE2","43"
"14","C11","#28DDDE","44"
"14","C13","#CDE8FF","45"
"14","C14","#D5FDFF","46"
"14","C15","#22C4C6","47"
"14","C16","#1557A8","48"
"14","C17","#04D1F6","49"
"14","D1","#AEB4F2","50"
"14","D2","#858EDD","51"
"14","D3","#2F54AF","52"
"14","D5","#B843C5","53"
"14","D6","#AC7BDE","54"
"14","D7","#8854B3","55"
"14","D8","#E2D3FF","56"
"14","D9","#D5B9F8","57"
"14","D11","#B9BAE1","58"
"14","D12","#DE9AD4","59"
"14","D13","#B90095","60"
"14","D14","#8B279B","61"
"14","D15","#2F1F90","62"
"14","D16","#E3E1EE","63"
"14","D17","#C4D4F6","64"
"14","D18","#A45EC7","65"
"14","D19","#D8C3D7","66"
"14","D20","#9C32B2","67"
"14","D21","#9A009B","68"
"14","E1","#FDD3CC","69"
"14","E2","#FEC0DF","70"
"14","E3","#FFB7E7","71"
"14","E4","#E8649E","72"
"14","E5","#F551A2","73"
"14","E6","#F13D74","74"
"14","E7","#C63478","75"
"14","E8","#FFDBE9","76"
"14","E9","#E970CC","77"
"14","E10","#D33793","78"
"14","E11","#FCDDD2","79"
"14","E12","#F78FC3","80"
"14","E13","#B5006D","81"
"14","E14","#FFD1BA","82"
"14","E15","#F8C7C9","83"
"14","F1","#FD957B","84"
"14","F2","#FC3D46","85"
"14","F3","#F74941","86"
"14","F4","#FC283C","87"
"14","F5","#E7002F","88"
"14","F6","#943630","89"
"14","F7","#971937","90"
"14","F8","#BC0028","91"
"14","F9","#E2677A","92"
"14","F10","#8A4526","93"
"14","F11","#5A2121","94"
"14","F12","#FD4E6A","95"
"14","F13","#F35744","96"
"14","F14","#FFA9AD","97"
"14","G1","#FFE2CE","98"
"14","G2","#FFC4AA","99"
"14","G3","#F4C3A5","100"
"14","G5","#EDB045","101"
"14","G6","#E99C17","102"
"14","G7","#9D5B3E","103"
"14","G8","#753B32","104"
"14","G9","#E6B483","105"
"14","G13","#B7714A","106"
"14","G14","#8D614C","107"
"14","G17","#7B524B","108"
"14","H1","#FDFBFF","109"
"14","H2","#FEFFFF","110"
"14","H3","#B6B1BA","111"
"14","H4","#89858C","112"
"14","H5","#48464E","113"
"14","H6","#2F2B2F","114"
"14","H7","#000000","115"
"14","H12","#FFF5ED","116"
"14","M5","#D0CCAA","117"
"14","M6","#B0A782","118"
"14","M9","#A58767","119"
"14","M12","#644749","120"
"15","A1","#FAF4C8","1"
"15","A2","#FFFFD5","2"
"15","A3","#FEFF8B","3"
"15","A4","#FBED56","4"
"15","A5","#F4D738","5"
"15","A6","#FEAC4C","6"
"15","A7","#FE8B4C","7"
"15","A8","#FFDA45","8"
"15","A9","#FF995B","9"
"15","A10","#F77C31","10"
"15","A11","#FFDD99","11"
"15","A12","#FE9F72","12"
"15","A13","#FFC365","13"
"15","A14","#FD543D","14"
"15","A15","#FFF365","15"
"15","B1","#E6EE31","16"
"15","B2","#63F347","17"
"15","B3","#9EF780","18"
"15","B4","#5DE035","19"
"15","B5","#35E352","20"
"15","B6","#65E2A6","21"
"15","B7","#3DAF80","22"
"15","B8","#1C9C4F","23"
"15","B10","#95D3C2","24"
"15","B11","#5D722A","25"
"15","B12","#166F41","26"
"15","B13","#CAEB7B","27"
"15","B14","#ADE946","28"
"15","B15","#2E5132","29"
"15","B16","#C5ED9C","30"
"15","B17","#9BB13A","31"
"15","B18","#E6EE49","32"
"15","B19","#24B88C","33"
"15","B20","#C2F0CC","34"
"15","C1","#E8FFE7","35"
"15","C2","#A9F9FC","36"
"15","C3","#A0E2FB","37"
"15","C4","#41CCFF","38"
"15","C5","#01ACEB","39"
"15","C6","#50AAF0","40"
"15","C7","#3677D2","41"
"15","C8","#0F54C0","42"
"15","C9","#324BCA","43"
"15","C10","#3EBCE2","44"
"15","C11","#28DDDE","45"
"15","C13","#CDE8FF","46"
"15","C14","#D5FDFF","47"
"15","C15","#22C4C6","48"
"15","C16","#1557A8","49"
"15","C17","#04D1F6","50"
"15","D1","#AEB4F2","51"
"15","D2","#858EDD","52"
"15","D3","#2F54AF","53"
"15","D5","#B843C5","54"
"15","D6","#AC7BDE","55"
"15","D7","#8854B3","56"
"15","D8","#E2D3FF","57"
"15","D9","#D5B9F8","58"
"15","D11","#B9BAE1","59"
"15","D12","#DE9AD4","60"
"15","D13","#B90095","61"
"15","D14","#8B279B","62"
"15","D15","#2F1F90","63"
"15","D16","#E3E1EE","64"
"15","D17","#C4D4F6","65"
"15","D18","#A45EC7","66"
"15","D19","#D8C3D7","67"
"15","D20","#9C32B2","68"
"15","D21","#9A009B","69"
"15","E1","#FDD3CC","70"
"15","E2","#FEC0DF","71"
"15","E3","#FFB7E7","72"
"15","E4","#E8649E","73"
"15","E5","#F551A2","74"
"15","E6","#F13D74","75"
"15","E7","#C63478","76"
"15","E8","#FFDBE9","77"
"15","E9","#E970CC","78"
"15","E10","#D33793","79"
"15","E11","#FCDDD2","80"
"15","E12","#F78FC3","81"
"15","E13","#B5006D","82"
"15","E14","#FFD1BA","83"
"15","E15","#F8C7C9","84"
"15","F1","#FD957B","85"
"15","F2","#FC3D46","86"
"15","F3","#F74941","87"
"15","F4","#FC283C","88"
"15","F5","#E7002F","89"
"15","F6","#943630","90"
"15","F7","#971937","91"
"15","F8","#BC0028","92"
"15","F9","#E2677A","93"
"15","F10","#8A4526","94"
"15","F11","#5A2121","95"
"15","F12","#FD4E6A","96"
"15","F13","#F35744","97"
"15","F14","#FFA9AD","98"
"15","G1","#FFE2CE","99"
"15","G2","#FFC4AA","100"
"15","G3","#F4C3A5","101"
"15","G4","#E1B383","102"
"15","G5","#EDB045","103"
"15","G6","#E99C17","104"
"15","G7","#9D5B3E","105"
"15","G8","#753B32","106"
"15","G9","#E6B483","107"
"15","G10","#D98C39","108"
"15","G11","#E0C593","109"
"15","G12","#FFC890","110"
"15","G13","#B7714A","111"
"15","G14","#8D614C","112"
"15","G15","#FCF9E0","113"
"15","G16","#F2D9BA","114"
"15","G17","#7B524B","115"
"15","H1","#FDFBFF","116"
"15","H2","#FEFFFF","117"
"15","H3","#B6B1BA","118"
"15","H4","#89858C","119"
"15","H5","#48464E","120"
"15","H6","#2F2B2F","121"
"15","H7","#000000","122"
"15","H8","#E7D6DB","123"
"15","H9","#EDEDED","124"
"15","H10","#EEE9EA","125"
"15","H11","#CECDD5","126"
"15","H12","#FFF5ED","127"
"15","H13","#F5ECD2","128"
"15","H14","#CFD7D3","129"
"15","M1","#BCC6B8","130"
"15","M2","#8AA386","131"
"15","M3","#697D80","132"
"15","M4","#E3D2BC","133"
"15","M5","#D0CCAA","134"
"15","M6","#B0A782","135"
"15","M7","#B4A497","136"
"15","M8","#B38281","137"
"15","M9","#A58767","138"
"15","M10","#C5B2BC","139"
"15","M11","#9F7594","140"
"15","M12","#644749","141"
"15","M13","#D19066","142"
"15","M14","#C77362","143"
"15","M15","#757D7B","144"
"16","A1","#FAF4C8","1"
"16","A2","#FFFFD5","2"
"16","A3","#FEFF8B","3"
"16","A4","#FBED56","4"
"16","A5","#F4D738","5"
"16","A6","#FEAC4C","6"
"16","A7","#FE8B4C","7"
"16","A8","#FFDA45","8"
"16","A9","#FF995B","9"
"16","A10","#F77C31","10"
"16","A11","#FFDD99","11"
"16","A12","#FE9F72","12"
"16","A13","#FFC365","13"
"16","A14","#FD543D","14"
"16","A15","#FFF365","15"
"16","B1","#E6EE31","16"
"16","B2","#63F347","17"
"16","B3","#9EF780","18"
"16","B4","#5DE035","19"
"16","B5","#35E352","20"
"16","B6","#65E2A6","21"
"16","B7","#3DAF80","22"
"16","B8","#1C9C4F","23"
"16","B10","#95D3C2","24"
"16","B11","#5D722A","25"
"16","B12","#166F41","26"
"16","B13","#CAEB7B","27"
"16","B14","#ADE946","28"
"16","B15","#2E5132","29"
"16","B16","#C5ED9C","30"
"16","B17","#9BB13A","31"
"16","B18","#E6EE49","32"
"16","B19","#24B88C","33"
"16","B20","#C2F0CC","34"
"16","C1","#E8FFE7","35"
"16","C2","#A9F9FC","36"
"16","C3","#A0E2FB","37"
"16","C4","#41CCFF","38"
"16","C5","#01ACEB","39"
"16","C6","#50AAF0","40"
"16","C7","#3677D2","41"
"16","C8","#0F54C0","42"
"16","C9","#324BCA","43"
"16","C10","#3EBCE2","44"
"16","C11","#28DDDE","45"
"16","C13","#CDE8FF","46"
"16","C14","#D5FDFF","47"
"16","C15","#22C4C6","48"
"16","C16","#1557A8","49"
"16","C17","#04D1F6","50"
"16","D1","#AEB4F2","51"
"16","D2","#858EDD","52"
"16","D3","#2F54AF","53"
"16","D5","#B843C5","54"
"16","D6","#AC7BDE","55"
"16","D7","#8854B3","56"
"16","D8","#E2D3FF","57"
"16","D9","#D5B9F8","58"
"16","D11","#B9BAE1","59"
"16","D12","#DE9AD4","60"
"16","D13","#B90095","61"
"16","D14","#8B279B","62"
"16","D15","#2F1F90","63"
"16","D16","#E3E1EE","64"
"16","D17","#C4D4F6","65"
"16","D18","#A45EC7","66"
"16","D19","#D8C3D7","67"
"16","D20","#9C32B2","68"
"16","D21","#9A009B","69"
"16","E1","#FDD3CC","70"
"16","E2","#FEC0DF","71"
"16","E3","#FFB7E7","72"
"16","E4","#E8649E","73"
"16","E5","#F551A2","74"
"16","E6","#F13D74","75"
"16","E7","#C63478","76"
"16","E8","#FFDBE9","77"
"16","E9","#E970CC","78"
"16","E10","#D33793","79"
"16","E11","#FCDDD2","80"
"16","E12","#F78FC3","81"
"16","E13","#B5006D","82"
"16","E14","#FFD1BA","83"
"16","E15","#F8C7C9","84"
"16","F1","#FD957B","85"
"16","F2","#FC3D46","86"
"16","F3","#F74941","87"
"16","F4","#FC283C","88"
"16","F5","#E7002F","89"
"16","F6","#943630","90"
"16","F7","#971937","91"
"16","F8","#BC0028","92"
"16","F9","#E2677A","93"
"16","F10","#8A4526","94"
"16","F11","#5A2121","95"
"16","F12","#FD4E6A","96"
"16","F13","#F35744","97"
"16","F14","#FFA9AD","98"
"16","G1","#FFE2CE","99"
"16","G2","#FFC4AA","100"
"16","G3","#F4C3A5","101"
"16","G4","#E1B383","102"
"16","G5","#EDB045","103"
"16","G6","#E99C17","104"
"16","G7","#9D5B3E","105"
"16","G8","#753B32","106"
"16","G9","#E6B483","107"
"16","G10","#D98C39","108"
"16","G11","#E0C593","109"
"16","G12","#FFC890","110"
"16","G13","#B7714A","111"
"16","G14","#8D614C","112"
"16","G15","#FCF9E0","113"
"16","G16","#F2D9BA","114"
"16","G17","#7B524B","115"
"16","H1","#FDFBFF","116"
"16","H2","#FEFFFF","117"
"16","H3","#B6B1BA","118"
"16","H4","#89858C","119"
"16","H5","#48464E","120"
"16","H6","#2F2B2F","121"
"16","H7","#000000","122"
"16","H8","#E7D6DB","123"
"16","H9","#EDEDED","124"
"16","H10","#EEE9EA","125"
"16","H11","#CECDD5","126"
"16","H12","#FFF5ED","127"
"16","H13","#F5ECD2","128"
"16","H14","#CFD7D3","129"
"16","M1","#BCC6B8","130"
"16","M2","#8AA386","131"
"16","M3","#697D80","132"
"16","M4","#E3D2BC","133"
"16","M5","#D0CCAA","134"
"16","M6","#B0A782","135"
"16","M7","#B4A497","136"
"16","M8","#B38281","137"
"16","M9","#A58767","138"
"16","M10","#C5B2BC","139"
"16","M11","#9F7594","140"
"16","M12","#644749","141"
"16","M13","#D19066","142"
"16","M14","#C77362","143"
"16","M15","#757D7B","144"
"16","P1","#FCF7F8","145"
"16","P2","#B0A9AC","146"
"16","P3","#AFDCAB","147"
"16","P4","#FEA49F","148"
"16","P5","#EE8C3E","149"
"16","P6","#5FD0A7","150"
"16","P7","#EB9270","151"
"16","P8","#F0D958","152"
"16","P9","#D9D9D9","153"
"16","P11","#F3ECC9","154"
"16","P12","#E6EEF2","155"
"16","P13","#AACBEF","156"
"16","P14","#3376B0","157"
"16","P15","#668575","158"
"16","P16","#FEBF45","159"
"16","P17","#FEA324","160"
"16","P18","#FEB89F","161"
"16","P19","#FFE0E9","162"
"16","P20","#FEBECF","163"
"16","P21","#ECBEBF","164"
"16","P22","#E4A89F","165"
"16","P23","#A56268","166"
"16","R12","#D8D5CE","167"
"16","T1","#FFFFFF","168"
"17","A1","#FFFEE5","1"
"17","A2","#FFFCC8","2"
"17","A3","#FFF99A","3"
"17","A4","#FFFF00","4"
"17","A5","#FEE53E","5"
"17","A6","#F5AA09","6"
"17","A7","#D86E06","7"
"17","A8","#F0C600","8"
"17","A9","#E99B78","9"
"17","A10","#FE9B1C","10"
"17","A11","#F2D390","11"
"17","A12","#FAB8A9","12"
"17","A13","#FD9525","13"
"17","A14","#F95529","14"
"17","A15","#FFFD51","15"
"17","A16","#FFF9B3","16"
"17","A17","#F7EA68","17"
"17","A18","#FECD98","18"
"17","A19","#F47F8D","19"
"17","A21","#F3DC96","20"
"17","A22","#F7F6B6","21"
"17","A23","#F3DCCF","22"
"17","A24","#FDFBD8","23"
"17","A25","#EFC43D","24"
"17","A26","#F2BB12","25"
"17","B1","#CBF230","26"
"17","B2","#4BC951","27"
"17","B3","#89D8A8","28"
"17","B4","#4AE72B","29"
"17","B5","#60C14D","30"
"17","B6","#52C9B1","31"
"17","B7","#066E60","32"
"17","B8","#3C8B3A","33"
"17","B9","#0E250E","34"
"17","B10","#82C1B9","35"
"17","B11","#3F7E24","36"
"17","B12","#255A3A","37"
"17","B13","#B4F199","38"
"17","B14","#A0DD0F","39"
"17","B15","#044524","40"
"17","B16","#D2EF93","41"
"17","B17","#69AB29","42"
"17","B18","#D5F35B","43"
"17","B19","#3D9F85","44"
"17","B20","#D1FFE7","45"
"17","B21","#246345","46"
"17","B22","#0D3624","47"
"17","B23","#233716","48"
"17","B24","#DEFAB4","49"
"17","B25","#365C3E","50"
"17","B26","#8B7120","51"
"17","B27","#C2DCB5","52"
"17","B28","#B0F1AA","53"
"17","B29","#C3ED71","54"
"17","B30","#E8FAD1","55"
"17","B31","#F4B7BE","56"
"17","B32","#779835","57"
"17","C1","#B0D2C9","58"
"17","C2","#86E7F3","59"
"17","C3","#95E5FF","60"
"17","C4","#3DCFFF","61"
"17","C5","#11A3DF","62"
"17","C6","#3295CE","63"
"17","C7","#246FC3","64"
"17","C8","#0233B0","65"
"17","C9","#0513CF","66"
"17","C10","#00B0F0","67"
"17","C11","#1E9DAE","68"
"17","C12","#000D40","69"
"17","C13","#D5F2FF","70"
"17","C14","#D1E9EC","71"
"17","C15","#1CB0AE","72"
"17","C16","#002758","73"
"17","C17","#67ECFF","74"
"17","C18","#0B2432","75"
"17","C19","#338599","76"
"17","C20","#00498C","77"
"17","C21","#CDE4FE","78"
"17","C22","#4391BA","79"
"17","C23","#90D2E3","80"
"17","C24","#6BA4E0","81"
"17","C25","#9BFFFF","82"
"17","C26","#167EA0","83"
"17","C27","#E5F8FF","84"
"17","C28","#A5BBDC","85"
"17","C29","#06305F","86"
"17","D1","#6796F5","87"
"17","D2","#5874D0","88"
"17","D3","#00117A","89"
"17","D4","#00075D","90"
"17","D5","#9A25A1","91"
"17","D6","#998FCB","92"
"17","D7","#421692","93"
"17","D8","#E6DCFB","94"
"17","D9","#BBA6EA","95"
"17","D10","#0A003A","96"
"17","D11","#A8B0E9","97"
"17","D12","#BD9ACA","98"
"17","D13","#A023C9","99"
"17","D14","#592184","100"
"17","D15","#29175D","101"
"17","D16","#D0D2F3","102"
"17","D17","#9CAFE1","103"
"17","D18","#9168A8","104"
"17","D19","#D7C7DD","105"
"17","D20","#AA05F7","106"
"17","D21","#6D04B6","107"
"17","D22","#181A70","108"
"17","D23","#DABFE4","109"
"17","D24","#6A5FC0","110"
"17","D25","#372EB0","111"
"17","D26","#BC93E5","112"
"17","E1","#FDC6BB","113"
"17","E2","#F9B4E8","114"
"17","E3","#F38EDA","115"
"17","E4","#F068C2","116"
"17","E5","#E51F93","117"
"17","E6","#EE1686","118"
"17","E7","#9B1F65","119"
"17","E8","#FED6E9","120"
"17","E9","#FC73B0","121"
"17","E10","#C81698","122"
"17","E11","#F7E4DE","123"
"17","E12","#F993E5","124"
"17","E13","#922991","125"
"17","E14","#F9CAB3","126"
"17","E15","#EAC4C4","127"
"17","E16","#F8EBE7","128"
"17","E17","#FBDCED","129"
"17","E18","#F8C9E2","130"
"17","E19","#F9C7DE","131"
"17","E20","#E4BEBF","132"
"17","E21","#CCA2B2","133"
"17","E22","#AD4D95","134"
"17","E23","#6E4C84","135"
"17","E24","#FCE9F4","136"
"17","F1","#FE896E","137"
"17","F2","#FF251B","138"
"17","F3","#DE514A","139"
"17","F4","#FF1111","140"
"17","F5","#F60000","141"
"17","F6","#772C02","142"
"17","F7","#51071C","143"
"17","F8","#A80000","144"
"17","F9","#D27F91","145"
"17","F10","#94430D","146"
"17","F11","#451B02","147"
"17","F12","#E55C64","148"
"17","F13","#CF5323","149"
"17","F14","#FF9393","150"
"17","F15","#D20000","151"
"17","F16","#FCE1DF","152"
"17","F17","#DEA3A3","153"
"17","F18","#C86635","154"
"17","F19","#9C0E00","155"
"17","F20","#CFA0A4","156"
"17","F21","#F0AFAA","157"
"17","F22","#FFBCB3","158"
"17","F23","#DD6555","159"
"17","F24","#FACAC9","160"
"17","F25","#DD5C47","161"
"17","G1","#F6F4D5","162"
"17","G2","#F9CBAA","163"
"17","G3","#F5B68B","164"
"17","G4","#E1B884","165"
"17","G5","#E4A01C","166"
"17","G6","#EF972F","167"
"17","G7","#5E3D11","168"
"17","G8","#311402","169"
"17","G9","#F7AF53","170"
"17","G10","#AE7634","171"
"17","G11","#E5DAA6","172"
"17","G12","#DDB995","173"
"17","G13","#BD6D3D","174"
"17","G14","#4D3420","175"
"17","G15","#FFFEDF","176"
"17","G16","#EAECD0","177"
"17","G17","#261100","178"
"17","G18","#F9EDE6","179"
"17","G19","#E9A81D","180"
"17","G20","#6A3009","181"
"17","G21","#C58C5D","182"
"17","H2","#FFFFFF","183"
"17","H3","#ACACAC","184"
"17","H4","#808080","185"
"17","H5","#4D4D4D","186"
"17","H6","#292929","187"
"17","H7","#000000","188"
"17","H8","#F3CCE0","189"
"17","H9","#DDDDDD","190"
"17","H10","#EAE3E3","191"
"17","H11","#C4C8C3","192"
"17","H12","#EAE1D2","193"
"17","H13","#F0E8DB","194"
"17","H15","#798D97","195"
"17","H16","#160B11","196"
"17","H17","#F1F0EE","197"
"17","H18","#F8FAEF","198"
"17","H19","#F5F1DC","199"
"17","H20","#8C8C8C","200"
"17","H22","#F3F3EB","201"
"17","H23","#A1AFA3","202"
"17","M1","#CDDCCD","203"
"17","M2","#63856D","204"
"17","M3","#1E4251","205"
"17","M4","#CDCAC4","206"
"17","M5","#C5CFB6","207"
"17","M6","#94966E","208"
"17","M7","#968784","209"
"17","M8","#AEAAAA","210"
"17","M9","#B7A275","211"
"17","M10","#B49DA5","212"
"17","M11","#A38B99","213"
"17","M12","#48342B","214"
"17","M13","#CE8C72","215"
"17","M14","#8C3C24","216"
"17","M15","#5C6E6E","217"
"17","P1","#F9FBF8","218"
"17","P3","#8EBE88","219"
"17","P5","#C8B05C","220"
"17","P6","#6DC5BA","221"
"17","P7","#ECBD8B","222"
"17","P9","#D0CECE","223"
"17","P10","#C4B2F7","224"
"17","P11","#FFF9EB","225"
"17","P12","#BACEEA","226"
"17","P13","#5B8AEC","227"
"17","P14","#133281","228"
"17","P15","#11494A","229"
"17","P16","#F3EA9D","230"
"17","P17","#DCAF14","231"
"17","P18","#F3DACA","232"
"17","P19","#F1E6E5","233"
"17","P20","#DAB9B6","234"
"17","P21","#D2A6A6","235"
"17","P22","#BC7570","236"
"17","P23","#723A3A","237"
"17","R1","#E41908","238"
"17","R2","#F75793","239"
"17","R3","#FEBC28","240"
"17","R4","#FDF731","241"
"17","R5","#57C45B","242"
"17","R6","#19A382","243"
"17","R7","#2982A2","244"
"17","R8","#0B5FD1","245"
"17","R9","#7B40D4","246"
"17","R11","#F4ABAB","247"
"17","R12","#DFE0E5","248"
"17","R13","#371A12","249"
"17","R14","#DFFFFC","250"
"17","R15","#C7E7FC","251"
"17","R16","#64EADF","252"
"17","R17","#82C4AE","253"
"17","R18","#CBE1D1","254"
"17","R19","#ECF6C7","255"
"17","R20","#F5ECEC","256"
"17","R21","#EBCCC2","257"
"17","R22","#A3634D","258"
"17","R23","#F7D8B7","259"
"17","R24","#F6DBD7","260"
"17","R25","#EAB4AC","261"
"17","R26","#EBC8EA","262"
"17","R27","#F0BFC6","263"
"17","R28","#CA96CE","264"
"17","VT1","#EDF0EB","265"
"17","VT2","#FFD7FB","266"
"17","VT3","#BAECFF","267"
"17","VT4","#FFF1EF","268"
"17","VT5","#9E02D1","269"
"17","VT6","#F99347","270"
"17","Y1","#E687C5","271"
"17","Y2","#FFC383","272"
"17","Y3","#DDE8C7","273"
"17","Y4","#54AED0","274"
"17","Y5","#C37AD0","275"
"17","Y6","#F9CAD0","276"
"17","Y7","#FAFAFA","277"
"17","Y8","#56CC3A","278"
"17","Y9","#E5F975","279"
"18","A4","#FFFF00","1"
"18","A6","#F5AA09","2"
"18","A7","#D86E06","3"
"18","B3","#89D8A8","4"
"18","B5","#60C14D","5"
"18","B8","#3C8B3A","6"
"18","C3","#95E5FF","7"
"18","C5","#11A3DF","8"
"18","C8","#0233B0","9"
"18","D6","#998FCB","10"
"18","D7","#421692","11"
"18","D9","#BBA6EA","12"
"18","E2","#F9B4E8","13"
"18","E4","#F068C2","14"
"18","E5","#E51F93","15"
"18","G1","#F6F4D5","16"
"18","G5","#E4A01C","17"
"18","G7","#5E3D11","18"
"18","H2","#FFFFFF","19"
"18","H3","#ACACAC","20"
"18","H4","#808080","21"
"18","H5","#4D4D4D","22"
"18","H7","#000000","23"
"19","A4","#FFFF00","1"
"19","A6","#F5AA09","2"
"19","A7","#D86E06","3"
"19","A10","#FE9B1C","4"
"19","A11","#F2D390","5"
"19","A13","#FD9525","6"
"19","B3","#89D8A8","7"
"19","B5","#60C14D","8"
"19","B8","#3C8B3A","9"
"19","B12","#255A3A","10"
"19","C2","#86E7F3","11"
"19","C3","#95E5FF","12"
"19","C5","#11A3DF","13"
"19","C6","#3295CE","14"
"19","C7","#246FC3","15"
"19","C8","#0233B0","16"
"19","C10","#00B0F0","17"
"19","C11","#1E9DAE","18"
"19","C13","#D5F2FF","19"
"19","D3","#00117A","20"
"19","D6","#998FCB","21"
"19","D7","#421692","22"
"19","D9","#BBA6EA","23"
"19","D13","#A023C9","24"
"19","D15","#29175D","25"
"19","D18","#9168A8","26"
"19","D19","#D7C7DD","27"
"19","D21","#6D04B6","28"
"19","E2","#F9B4E8","29"
"19","E3","#F38EDA","30"
"19","E4","#F068C2","31"
"19","E7","#9B1F65","32"
"19","E8","#FED6E9","33"
"19","F5","#F60000","34"
"19","F8","#A80000","35"
"19","F13","#CF5323","36"
"19","G1","#F6F4D5","37"
"19","G5","#E4A01C","38"
"19","G7","#5E3D11","39"
"19","G8","#311402","40"
"19","G9","#F7AF53","41"
"19","G13","#BD6D3D","42"
"19","H2","#FFFFFF","43"
"19","H3","#ACACAC","44"
"19","H4","#808080","45"
"19","H5","#4D4D4D","46"
"19","H7","#000000","47"
"20","A3","#FFF99A","1"
"20","A4","#FFFF00","2"
"20","A6","#F5AA09","3"
"20","A7","#D86E06","4"
"20","A10","#FE9B1C","5"
"20","A11","#F2D390","6"
"20","A13","#FD9525","7"
"20","B3","#89D8A8","8"
"20","B5","#60C14D","9"
"20","B7","#066E60","10"
"20","B8","#3C8B3A","11"
"20","B10","#82C1B9","12"
"20","B12","#255A3A","13"
"20","B14","#A0DD0F","14"
"20","B17","#69AB29","15"
"20","B18","#D5F35B","16"
"20","B19","#3D9F85","17"
"20","B20","#D1FFE7","18"
"20","C2","#86E7F3","19"
"20","C3","#95E5FF","20"
"20","C5","#11A3DF","21"
"20","C6","#3295CE","22"
"20","C7","#246FC3","23"
"20","C8","#0233B0","24"
"20","C10","#00B0F0","25"
"20","C11","#1E9DAE","26"
"20","C13","#D5F2FF","27"
"20","C16","#002758","28"
"20","D2","#5874D0","29"
"20","D3","#00117A","30"
"20","D6","#998FCB","31"
"20","D7","#421692","32"
"20","D8","#E6DCFB","33"
"20","D9","#BBA6EA","34"
"20","D11","#A8B0E9","35"
"20","D12","#BD9ACA","36"
"20","D13","#A023C9","37"
"20","D14","#592184","38"
"20","D15","#29175D","39"
"20","D16","#D0D2F3","40"
"20","D18","#9168A8","41"
"20","D19","#D7C7DD","42"
"20","D20","#AA05F7","43"
"20","D21","#6D04B6","44"
"20","E1","#FDC6BB","45"
"20","E2","#F9B4E8","46"
"20","E3","#F38EDA","47"
"20","E4","#F068C2","48"
"20","E5","#E51F93","49"
"20","E7","#9B1F65","50"
"20","E8","#FED6E9","51"
"20","E12","#F993E5","52"
"20","E13","#922991","53"
"20","F5","#F60000","54"
"20","F7","#51071C","55"
"20","F8","#A80000","56"
"20","F10","#94430D","57"
"20","F13","#CF5323","58"
"20","G1","#F6F4D5","59"
"20","G2","#F9CBAA","60"
"20","G3","#F5B68B","61"
"20","G5","#E4A01C","62"
"20","G7","#5E3D11","63"
"20","G8","#311402","64"
"20","G9","#F7AF53","65"
"20","G13","#BD6D3D","66"
"20","H2","#FFFFFF","67"
"20","H3","#ACACAC","68"
"20","H4","#808080","69"
"20","H5","#4D4D4D","70"
"20","H7","#000000","71"
"21","A3","#FFF99A","1"
"21","A4","#FFFF00","2"
"21","A6","#F5AA09","3"
"21","A7","#D86E06","4"
"21","A10","#FE9B1C","5"
"21","A11","#F2D390","6"
"21","A13","#FD9525","7"
"21","A14","#F95529","8"
"21","B3","#89D8A8","9"
"21","B5","#60C14D","10"
"21","B7","#066E60","11"
"21","B8","#3C8B3A","12"
"21","B10","#82C1B9","13"
"21","B12","#255A3A","14"
"21","B14","#A0DD0F","15"
"21","B17","#69AB29","16"
"21","B18","#D5F35B","17"
"21","B19","#3D9F85","18"
"21","B20","#D1FFE7","19"
"21","C2","#86E7F3","20"
"21","C3","#95E5FF","21"
"21","C5","#11A3DF","22"
"21","C6","#3295CE","23"
"21","C7","#246FC3","24"
"21","C8","#0233B0","25"
"21","C10","#00B0F0","26"
"21","C11","#1E9DAE","27"
"21","C13","#D5F2FF","28"
"21","C16","#002758","29"
"21","D2","#5874D0","30"
"21","D3","#00117A","31"
"21","D5","#9A25A1","32"
"21","D6","#998FCB","33"
"21","D7","#421692","34"
"21","D8","#E6DCFB","35"
"21","D9","#BBA6EA","36"
"21","D11","#A8B0E9","37"
"21","D12","#BD9ACA","38"
"21","D13","#A023C9","39"
"21","D14","#592184","40"
"21","D15","#29175D","41"
"21","D16","#D0D2F3","42"
"21","D18","#9168A8","43"
"21","D19","#D7C7DD","44"
"21","D20","#AA05F7","45"
"21","D21","#6D04B6","46"
"21","E1","#FDC6BB","47"
"21","E2","#F9B4E8","48"
"21","E3","#F38EDA","49"
"21","E4","#F068C2","50"
"21","E5","#E51F93","51"
"21","E6","#EE1686","52"
"21","E7","#9B1F65","53"
"21","E8","#FED6E9","54"
"21","E9","#FC73B0","55"
"21","E10","#C81698","56"
"21","E11","#F7E4DE","57"
"21","E12","#F993E5","58"
"21","E13","#922991","59"
"21","E14","#F9CAB3","60"
"21","E15","#EAC4C4","61"
"21","F1","#FE896E","62"
"21","F2","#FF251B","63"
"21","F3","#DE514A","64"
"21","F4","#FF1111","65"
"21","F5","#F60000","66"
"21","F6","#772C02","67"
"21","F7","#51071C","68"
"21","F8","#A80000","69"
"21","F9","#D27F91","70"
"21","F10","#94430D","71"
"21","F11","#451B02","72"
"21","F12","#E55C64","73"
"21","F13","#CF5323","74"
"21","F14","#FF9393","75"
"21","G1","#F6F4D5","76"
"21","G2","#F9CBAA","77"
"21","G3","#F5B68B","78"
"21","G5","#E4A01C","79"
"21","G7","#5E3D11","80"
"21","G8","#311402","81"
"21","G9","#F7AF53","82"
"21","G13","#BD6D3D","83"
"21","G14","#4D3420","84"
"21","G17","#261100","85"
"21","H2","#FFFFFF","86"
"21","H3","#ACACAC","87"
"21","H4","#808080","88"
"21","H5","#4D4D4D","89"
"21","H6","#292929","90"
"21","H7","#000000","91"
"21","M5","#C5CFB6","92"
"21","M6","#94966E","93"
"21","M9","#B7A275","94"
"21","M12","#48342B","95"
"22","A1","#FFFEE5","1"
"22","A3","#FFF99A","2"
"22","A4","#FFFF00","3"
"22","A5","#FEE53E","4"
"22","A6","#F5AA09","5"
"22","A7","#D86E06","6"
"22","A8","#F0C600","7"
"22","A9","#E99B78","8"
"22","A10","#FE9B1C","9"
"22","A11","#F2D390","10"
"22","A12","#FAB8A9","11"
"22","A13","#FD9525","12"
"22","A14","#F95529","13"
"22","A15","#FFFD51","14"
"22","B1","#CBF230","15"
"22","B2","#4BC951","16"
"22","B3","#89D8A8","17"
"22","B4","#4AE72B","18"
"22","B5","#60C14D","19"
"22","B6","#52C9B1","20"
"22","B7","#066E60","21"
"22","B8","#3C8B3A","22"
"22","B10","#82C1B9","23"
"22","B11","#3F7E24","24"
"22","B12","#255A3A","25"
"22","B13","#B4F199","26"
"22","B14","#A0DD0F","27"
"22","B15","#044524","28"
"22","B16","#D2EF93","29"
"22","B17","#69AB29","30"
"22","B18","#D5F35B","31"
"22","B19","#3D9F85","32"
"22","B20","#D1FFE7","33"
"22","C1","#B0D2C9","34"
"22","C2","#86E7F3","35"
"22","C3","#95E5FF","36"
"22","C4","#3DCFFF","37"
"22","C5","#11A3DF","38"
"22","C6","#3295CE","39"
"22","C7","#246FC3","40"
"22","C8","#0233B0","41"
"22","C9","#0513CF","42"
"22","C10","#00B0F0","43"
"22","C11","#1E9DAE","44"
"22","C13","#D5F2FF","45"
"22","C14","#D1E9EC","46"
"22","C15","#1CB0AE","47"
"22","C16","#002758","48"
"22","C17","#67ECFF","49"
"22","D1","#6796F5","50"
"22","D2","#5874D0","51"
"22","D3","#00117A","52"
"22","D5","#9A25A1","53"
"22","D6","#998FCB","54"
"22","D7","#421692","55"
"22","D8","#E6DCFB","56"
"22","D9","#BBA6EA","57"
"22","D11","#A8B0E9","58"
"22","D12","#BD9ACA","59"
"22","D13","#A023C9","60"
"22","D14","#592184","61"
"22","D15","#29175D","62"
"22","D16","#D0D2F3","63"
"22","D17","#9CAFE1","64"
"22","D18","#9168A8","65"
"22","D19","#D7C7DD","66"
"22","D20","#AA05F7","67"
"22","D21","#6D04B6","68"
"22","E1","#FDC6BB","69"
"22","E2","#F9B4E8","70"
"22","E3","#F38EDA","71"
"22","E4","#F068C2","72"
"22","E5","#E51F93","73"
"22","E6","#EE1686","74"
"22","E7","#9B1F65","75"
"22","E8","#FED6E9","76"
"22","E9","#FC73B0","77"
"22","E10","#C81698","78"
"22","E11","#F7E4DE","79"
"22","E12","#F993E5","80"
"22","E13","#922991","81"
"22","E14","#F9CAB3","82"
"22","E15","#EAC4C4","83"
"22","F1","#FE896E","84"
"22","F2","#FF251B","85"
"22","F3","#DE514A","86"
"22","F4","#FF1111","87"
"22","F5","#F60000","88"
"22","F6","#772C02","89"
"22","F7","#51071C","90"
"22","F8","#A80000","91"
"22","F9","#D27F91","92"
"22","F10","#94430D","93"
"22","F11","#451B02","94"
"22","F12","#E55C64","95"
"22","F13","#CF5323","96"
"22","F14","#FF9393","97"
"22","G1","#F6F4D5","98"
"22","G2","#F9CBAA","99"
"22","G3","#F5B68B","100"
"22","G5","#E4A01C","101"
"22","G6","#EF972F","102"
"22","G7","#5E3D11","103"
"22","G8","#311402","104"
"22","G9","#F7AF53","105"
"22","G13","#BD6D3D","106"
"22","G14","#4D3420","107"
"22","G17","#261100","108"
"22","H2","#FFFFFF","109"
"22","H3","#ACACAC","110"
"22","H4","#808080","111"
"22","H5","#4D4D4D","112"
"22","H6","#292929","113"
"22","H7","#000000","114"
"22","H12","#EAE1D2","115"
"22","M5","#C5CFB6","116"
"22","M6","#94966E","117"
"22","M9","#B7A275","118"
"22","M12","#48342B","119"
"23","A1","#FFFEE5","1"
"23","A2","#FFFCC8","2"
"23","A3","#FFF99A","3"
"23","A4","#FFFF00","4"
"23","A5","#FEE53E","5"
"23","A6","#F5AA09","6"
"23","A7","#D86E06","7"
"23","A8","#F0C600","8"
"23","A9","#E99B78","9"
"23","A10","#FE9B1C","10"
"23","A11","#F2D390","11"
"23","A12","#FAB8A9","12"
"23","A13","#FD9525","13"
"23","A14","#F95529","14"
"23","A15","#FFFD51","15"
"23","B1","#CBF230","16"
"23","B2","#4BC951","17"
"23","B3","#89D8A8","18"
"23","B4","#4AE72B","19"
"23","B5","#60C14D","20"
"23","B6","#52C9B1","21"
"23","B7","#066E60","22"
"23","B8","#3C8B3A","23"
"23","B9","#0E250E","24"
"23","B10","#82C1B9","25"
"23","B11","#3F7E24","26"
"23","B12","#255A3A","27"
"23","B13","#B4F199","28"
"23","B14","#A0DD0F","29"
"23","B15","#044524","30"
"23","B16","#D2EF93","31"
"23","B17","#69AB29","32"
"23","B18","#D5F35B","33"
"23","B19","#3D9F85","34"
"23","B20","#D1FFE7","35"
"23","C1","#B0D2C9","36"
"23","C2","#86E7F3","37"
"23","C3","#95E5FF","38"
"23","C4","#3DCFFF","39"
"23","C5","#11A3DF","40"
"23","C6","#3295CE","41"
"23","C7","#246FC3","42"
"23","C8","#0233B0","43"
"23","C9","#0513CF","44"
"23","C10","#00B0F0","45"
"23","C11","#1E9DAE","46"
"23","C13","#D5F2FF","47"
"23","C14","#D1E9EC","48"
"23","C15","#1CB0AE","49"
"23","C16","#002758","50"
"23","C17","#67ECFF","51"
"23","D1","#6796F5","52"
"23","D2","#5874D0","53"
"23","D3","#00117A","54"
"23","D5","#9A25A1","55"
"23","D6","#998FCB","56"
"23","D7","#421692","57"
"23","D8","#E6DCFB","58"
"23","D9","#BBA6EA","59"
"23","D11","#A8B0E9","60"
"23","D12","#BD9ACA","61"
"23","D13","#A023C9","62"
"23","D14","#592184","63"
"23","D15","#29175D","64"
"23","D16","#D0D2F3","65"
"23","D17","#9CAFE1","66"
"23","D18","#9168A8","67"
"23","D19","#D7C7DD","68"
"23","D20","#AA05F7","69"
"23","D21","#6D04B6","70"
"23","E1","#FDC6BB","71"
"23","E2","#F9B4E8","72"
"23","E3","#F38EDA","73"
"23","E4","#F068C2","74"
"23","E5","#E51F93","75"
"23","E6","#EE1686","76"
"23","E7","#9B1F65","77"
"23","E8","#FED6E9","78"
"23","E9","#FC73B0","79"
"23","E10","#C81698","80"
"23","E11","#F7E4DE","81"
"23","E12","#F993E5","82"
"23","E13","#922991","83"
"23","E14","#F9CAB3","84"
"23","E15","#EAC4C4","85"
"23","F1","#FE896E","86"
"23","F2","#FF251B","87"
"23","F3","#DE514A","88"
"23","F4","#FF1111","89"
"23","F5","#F60000","90"
"23","F6","#772C02","91"
"23","F7","#51071C","92"
"23","F8","#A80000","93"
"23","F9","#D27F91","94"
"23","F10","#94430D","95"
"23","F11","#451B02","96"
"23","F12","#E55C64","97"
"23","F13","#CF5323","98"
"23","F14","#FF9393","99"
"23","G1","#F6F4D5","100"
"23","G2","#F9CBAA","101"
"23","G3","#F5B68B","102"
"23","G4","#E1B884","103"
"23","G5","#E4A01C","104"
"23","G6","#EF972F","105"
"23","G7","#5E3D11","106"
"23","G8","#311402","107"
"23","G9","#F7AF53","108"
"23","G10","#AE7634","109"
"23","G11","#E5DAA6","110"
"23","G12","#DDB995","111"
"23","G13","#BD6D3D","112"
"23","G14","#4D3420","113"
"23","G15","#FFFEDF","114"
"23","G16","#EAECD0","115"
"23","G17","#261100","116"
"23","H2","#FFFFFF","117"
"23","H3","#ACACAC","118"
"23","H4","#808080","119"
"23","H5","#4D4D4D","120"
"23","H6","#292929","121"
"23","H7","#000000","122"
"23","H8","#F3CCE0","123"
"23","H9","#DDDDDD","124"
"23","H10","#EAE3E3","125"
"23","H11","#C4C8C3","126"
"23","H12","#EAE1D2","127"
"23","H13","#F0E8DB","128"
"23","M1","#CDDCCD","129"
"23","M2","#63856D","130"
"23","M3","#1E4251","131"
"23","M4","#CDCAC4","132"
"23","M5","#C5CFB6","133"
"23","M6","#94966E","134"
"23","M7","#968784","135"
"23","M8","#AEAAAA","136"
"23","M9","#B7A275","137"
"23","M10","#B49DA5","138"
"23","M11","#A38B99","139"
"23","M12","#48342B","140"
"23","M13","#CE8C72","141"
"23","M14","#8C3C24","142"
"23","M15","#5C6E6E","143"
"24","A1","#FFFEE5","1"
"24","A2","#FFFCC8","2"
"24","A3","#FFF99A","3"
"24","A4","#FFFF00","4"
"24","A5","#FEE53E","5"
"24","A6","#F5AA09","6"
"24","A7","#D86E06","7"
"24","A8","#F0C600","8"
"24","A9","#E99B78","9"
"24","A10","#FE9B1C","10"
"24","A11","#F2D390","11"
"24","A12","#FAB8A9","12"
"24","A13","#FD9525","13"
"24","A14","#F95529","14"
"24","A15","#FFFD51","15"
"24","B1","#CBF230","16"
"24","B2","#4BC951","17"
"24","B3","#89D8A8","18"
"24","B4","#4AE72B","19"
"24","B5","#60C14D","20"
"24","B6","#52C9B1","21"
"24","B7","#066E60","22"
"24","B8","#3C8B3A","23"
"24","B10","#82C1B9","24"
"24","B11","#3F7E24","25"
"24","B12","#255A3A","26"
"24","B13","#B4F199","27"
"24","B14","#A0DD0F","28"
"24","B15","#044524","29"
"24","B16","#D2EF93","30"
"24","B17","#69AB29","31"
"24","B18","#D5F35B","32"
"24","B19","#3D9F85","33"
"24","B20","#D1FFE7","34"
"24","C1","#B0D2C9","35"
"24","C2","#86E7F3","36"
"24","C3","#95E5FF","37"
"24","C4","#3DCFFF","38"
"24","C5","#11A3DF","39"
"24","C6","#3295CE","40"
"24","C7","#246FC3","41"
"24","C8","#0233B0","42"
"24","C9","#0513CF","43"
"24","C10","#00B0F0","44"
"24","C11","#1E9DAE","45"
"24","C13","#D5F2FF","46"
"24","C14","#D1E9EC","47"
"24","C15","#1CB0AE","48"
"24","C16","#002758","49"
"24","C17","#67ECFF","50"
"24","D1","#6796F5","51"
"24","D2","#5874D0","52"
"24","D3","#00117A","53"
"24","D5","#9A25A1","54"
"24","D6","#998FCB","55"
"24","D7","#421692","56"
"24","D8","#E6DCFB","57"
"24","D9","#BBA6EA","58"
"24","D11","#A8B0E9","59"
"24","D12","#BD9ACA","60"
"24","D13","#A023C9","61"
"24","D14","#592184","62"
"24","D15","#29175D","63"
"24","D16","#D0D2F3","64"
"24","D17","#9CAFE1","65"
"24","D18","#9168A8","66"
"24","D19","#D7C7DD","67"
"24","D20","#AA05F7","68"
"24","D21","#6D04B6","69"
"24","E1","#FDC6BB","70"
"24","E2","#F9B4E8","71"
"24","E3","#F38EDA","72"
"24","E4","#F068C2","73"
"24","E5","#E51F93","74"
"24","E6","#EE1686","75"
"24","E7","#9B1F65","76"
"24","E8","#FED6E9","77"
"24","E9","#FC73B0","78"
"24","E10","#C81698","79"
"24","E11","#F7E4DE","80"
"24","E12","#F993E5","81"
"24","E13","#922991","82"
"24","E14","#F9CAB3","83"
"24","E15","#EAC4C4","84"
"24","F1","#FE896E","85"
"24","F2","#FF251B","86"
"24","F3","#DE514A","87"
"24","F4","#FF1111","88"
"24","F5","#F60000","89"
"24","F6","#772C02","90"
"24","F7","#51071C","91"
"24","F8","#A80000","92"
"24","F9","#D27F91","93"
"24","F10","#94430D","94"
"24","F11","#451B02","95"
"24","F12","#E55C64","96"
"24","F13","#CF5323","97"
"24","F14","#FF9393","98"
"24","G1","#F6F4D5","99"
"24","G2","#F9CBAA","100"
"24","G3","#F5B68B","101"
"24","G4","#E1B884","102"
"24","G5","#E4A01C","103"
"24","G6","#EF972F","104"
"24","G7","#5E3D11","105"
"24","G8","#311402","106"
"24","G9","#F7AF53","107"
"24","G10","#AE7634","108"
"24","G11","#E5DAA6","109"
"24","G12","#DDB995","110"
"24","G13","#BD6D3D","111"
"24","G14","#4D3420","112"
"24","G15","#FFFEDF","113"
"24","G16","#EAECD0","114"
"24","G17","#261100","115"
"24","H2","#FFFFFF","116"
"24","H3","#ACACAC","117"
"24","H4","#808080","118"
"24","H5","#4D4D4D","119"
"24","H6","#292929","120"
"24","H7","#000000","121"
"24","H8","#F3CCE0","122"
"24","H9","#DDDDDD","123"
"24","H10","#EAE3E3","124"
"24","H11","#C4C8C3","125"
"24","H12","#EAE1D2","126"
"24","H13","#F0E8DB","127"
"24","M1","#CDDCCD","128"
"24","M2","#63856D","129"
"24","M3","#1E4251","130"
"24","M4","#CDCAC4","131"
"24","M5","#C5CFB6","132"
"24","M6","#94966E","133"
"24","M7","#968784","134"
"24","M8","#AEAAAA","135"
"24","M9","#B7A275","136"
"24","M10","#B49DA5","137"
"24","M11","#A38B99","138"
"24","M12","#48342B","139"
"24","M13","#CE8C72","140"
"24","M14","#8C3C24","141"
"24","M15","#5C6E6E","142"
"24","P1","#F9FBF8","143"
"24","P3","#8EBE88","144"
"24","P5","#C8B05C","145"
"24","P6","#6DC5BA","146"
"24","P7","#ECBD8B","147"
"24","P9","#D0CECE","148"
"24","P11","#FFF9EB","149"
"24","P12","#BACEEA","150"
"24","P13","#5B8AEC","151"
"24","P14","#133281","152"
"24","P15","#11494A","153"
"24","P16","#F3EA9D","154"
"24","P17","#DCAF14","155"
"24","P18","#F3DACA","156"
"24","P19","#F1E6E5","157"
"24","P20","#DAB9B6","158"
"24","P21","#D2A6A6","159"
"24","P22","#BC7570","160"
"24","P23","#723A3A","161"
"24","R12","#DFE0E5","162"
"25","A1","#FFFEE5","1"
"25","A2","#FFFCC8","2"
"25","A3","#FFF99A","3"
"25","A4","#FFFF00","4"
"25","A5","#FEE53E","5"
"25","A6","#F5AA09","6"
"25","A7","#D86E06","7"
"25","A8","#F0C600","8"
"25","A9","#E99B78","9"
"25","A10","#FE9B1C","10"
"25","A11","#F2D390","11"
"25","A12","#FAB8A9","12"
"25","A13","#FD9525","13"
"25","A14","#F95529","14"
"25","A15","#FFFD51","15"
"25","B1","#CBF230","16"
"25","B2","#4BC951","17"
"25","B3","#89D8A8","18"
"25","B4","#4AE72B","19"
"25","B5","#60C14D","20"
"25","B6","#52C9B1","21"
"25","B7","#066E60","22"
"25","B8","#3C8B3A","23"
"25","B9","#0E250E","24"
"25","B10","#82C1B9","25"
"25","B11","#3F7E24","26"
"25","B12","#255A3A","27"
"25","B13","#B4F199","28"
"25","B14","#A0DD0F","29"
"25","B15","#044524","30"
"25","B16","#D2EF93","31"
"25","B17","#69AB29","32"
"25","B18","#D5F35B","33"
"25","B19","#3D9F85","34"
"25","B20","#D1FFE7","35"
"25","C1","#B0D2C9","36"
"25","C2","#86E7F3","37"
"25","C3","#95E5FF","38"
"25","C4","#3DCFFF","39"
"25","C5","#11A3DF","40"
"25","C6","#3295CE","41"
"25","C7","#246FC3","42"
"25","C8","#0233B0","43"
"25","C9","#0513CF","44"
"25","C10","#00B0F0","45"
"25","C11","#1E9DAE","46"
"25","C12","#000D40","47"
"25","C13","#D5F2FF","48"
"25","C14","#D1E9EC","49"
"25","C15","#1CB0AE","50"
"25","C16","#002758","51"
"25","C17","#67ECFF","52"
"25","D1","#6796F5","53"
"25","D2","#5874D0","54"
"25","D3","#00117A","55"
"25","D4","#00075D","56"
"25","D5","#9A25A1","57"
"25","D6","#998FCB","58"
"25","D7","#421692","59"
"25","D8","#E6DCFB","60"
"25","D9","#BBA6EA","61"
"25","D10","#0A003A","62"
"25","D11","#A8B0E9","63"
"25","D12","#BD9ACA","64"
"25","D13","#A023C9","65"
"25","D14","#592184","66"
"25","D15","#29175D","67"
"25","D16","#D0D2F3","68"
"25","D17","#9CAFE1","69"
"25","D18","#9168A8","70"
"25","D19","#D7C7DD","71"
"25","D20","#AA05F7","72"
"25","D21","#6D04B6","73"
"25","E1","#FDC6BB","74"
"25","E2","#F9B4E8","75"
"25","E3","#F38EDA","76"
"25","E4","#F068C2","77"
"25","E5","#E51F93","78"
"25","E6","#EE1686","79"
"25","E7","#9B1F65","80"
"25","E8","#FED6E9","81"
"25","E9","#FC73B0","82"
"25","E10","#C81698","83"
"25","E11","#F7E4DE","84"
"25","E12","#F993E5","85"
"25","E13","#922991","86"
"25","E14","#F9CAB3","87"
"25","E15","#EAC4C4","88"
"25","F1","#FE896E","89"
"25","F2","#FF251B","90"
"25","F3","#DE514A","91"
"25","F4","#FF1111","92"
"25","F5","#F60000","93"
"25","F6","#772C02","94"
"25","F7","#51071C","95"
"25","F8","#A80000","96"
"25","F9","#D27F91","97"
"25","F10","#94430D","98"
"25","F11","#451B02","99"
"25","F12","#E55C64","100"
"25","F13","#CF5323","101"
"25","F14","#FF9393","102"
"25","G1","#F6F4D5","103"
"25","G2","#F9CBAA","104"
"25","G3","#F5B68B","105"
"25","G4","#E1B884","106"
"25","G5","#E4A01C","107"
"25","G6","#EF972F","108"
"25","G7","#5E3D11","109"
"25","G8","#311402","110"
"25","G9","#F7AF53","111"
"25","G10","#AE7634","112"
"25","G11","#E5DAA6","113"
"25","G12","#DDB995","114"
"25","G13","#BD6D3D","115"
"25","G14","#4D3420","116"
"25","G15","#FFFEDF","117"
"25","G16","#EAECD0","118"
"25","G17","#261100","119"
"25","H2","#FFFFFF","120"
"25","H3","#ACACAC","121"
"25","H4","#808080","122"
"25","H5","#4D4D4D","123"
"25","H6","#292929","124"
"25","H7","#000000","125"
"25","H8","#F3CCE0","126"
"25","H9","#DDDDDD","127"
"25","H10","#EAE3E3","128"
"25","H11","#C4C8C3","129"
"25","H12","#EAE1D2","130"
"25","H13","#F0E8DB","131"
"25","M1","#CDDCCD","132"
"25","M2","#63856D","133"
"25","M3","#1E4251","134"
"25","M4","#CDCAC4","135"
"25","M5","#C5CFB6","136"
"25","M6","#94966E","137"
"25","M7","#968784","138"
"25","M8","#AEAAAA","139"
"25","M9","#B7A275","140"
"25","M10","#B49DA5","141"
"25","M11","#A38B99","142"
"25","M12","#48342B","143"
"25","M13","#CE8C72","144"
"25","M14","#8C3C24","145"
"25","M15","#5C6E6E","146"
"25","P1","#F9FBF8","147"
"25","P3","#8EBE88","148"
"25","P5","#C8B05C","149"
"25","P6","#6DC5BA","150"
"25","P7","#ECBD8B","151"
"25","P9","#D0CECE","152"
"25","P10","#C4B2F7","153"
"25","P11","#FFF9EB","154"
"25","P12","#BACEEA","155"
"25","P13","#5B8AEC","156"
"25","P14","#133281","157"
"25","P15","#11494A","158"
"25","P16","#F3EA9D","159"
"25","P17","#DCAF14","160"
"25","P18","#F3DACA","161"
"25","P19","#F1E6E5","162"
"25","P20","#DAB9B6","163"
"25","P21","#D2A6A6","164"
"25","P22","#BC7570","165"
"25","P23","#723A3A","166"
"25","R1","#E41908","167"
"25","R2","#F75793","168"
"25","R3","#FEBC28","169"
"25","R4","#FDF731","170"
"25","R5","#57C45B","171"
"25","R6","#19A382","172"
"25","R7","#2982A2","173"
"25","R8","#0B5FD1","174"
"25","R9","#7B40D4","175"
"25","R11","#F4ABAB","176"
"25","R12","#DFE0E5","177"
"25","R13","#371A12","178"
"25","Y1","#E687C5","179"
"25","Y2","#FFC383","180"
"25","Y3","#DDE8C7","181"
"25","Y4","#54AED0","182"
"25","Y5","#C37AD0","183"
"25","Y6","#F9CAD0","184"
"25","Y8","#56CC3A","185"
"26","A1","#FFFEE5","1"
"26","A2","#FFFCC8","2"
"26","A3","#FFF99A","3"
"26","A4","#FFFF00","4"
"26","A5","#FEE53E","5"
"26","A6","#F5AA09","6"
"26","A7","#D86E06","7"
"26","A8","#F0C600","8"
"26","A9","#E99B78","9"
"26","A10","#FE9B1C","10"
"26","A11","#F2D390","11"
"26","A12","#FAB8A9","12"
"26","A13","#FD9525","13"
"26","A14","#F95529","14"
"26","A15","#FFFD51","15"
"26","A16","#FFF9B3","16"
"26","A17","#F7EA68","17"
"26","A18","#FECD98","18"
"26","A19","#F47F8D","19"
"26","A21","#F3DC96","20"
"26","A22","#F7F6B6","21"
"26","A23","#F3DCCF","22"
"26","A24","#FDFBD8","23"
"26","A25","#EFC43D","24"
"26","A26","#F2BB12","25"
"26","B1","#CBF230","26"
"26","B2","#4BC951","27"
"26","B3","#89D8A8","28"
"26","B4","#4AE72B","29"
"26","B5","#60C14D","30"
"26","B6","#52C9B1","31"
"26","B7","#066E60","32"
"26","B8","#3C8B3A","33"
"26","B10","#82C1B9","34"
"26","B11","#3F7E24","35"
"26","B12","#255A3A","36"
"26","B13","#B4F199","37"
"26","B14","#A0DD0F","38"
"26","B15","#044524","39"
"26","B16","#D2EF93","40"
"26","B17","#69AB29","41"
"26","B18","#D5F35B","42"
"26","B19","#3D9F85","43"
"26","B20","#D1FFE7","44"
"26","B21","#246345","45"
"26","B22","#0D3624","46"
"26","B23","#233716","47"
"26","B24","#DEFAB4","48"
"26","B25","#365C3E","49"
"26","B26","#8B7120","50"
"26","B27","#C2DCB5","51"
"26","B28","#B0F1AA","52"
"26","B29","#C3ED71","53"
"26","B30","#E8FAD1","54"
"26","B31","#F4B7BE","55"
"26","B32","#779835","56"
"26","C1","#B0D2C9","57"
"26","C2","#86E7F3","58"
"26","C3","#95E5FF","59"
"26","C4","#3DCFFF","60"
"26","C5","#11A3DF","61"
"26","C6","#3295CE","62"
"26","C7","#246FC3","63"
"26","C8","#0233B0","64"
"26","C9","#0513CF","65"
"26","C10","#00B0F0","66"
"26","C11","#1E9DAE","67"
"26","C13","#D5F2FF","68"
"26","C14","#D1E9EC","69"
"26","C15","#1CB0AE","70"
"26","C16","#002758","71"
"26","C17","#67ECFF","72"
"26","C18","#0B2432","73"
"26","C19","#338599","74"
"26","C20","#00498C","75"
"26","C21","#CDE4FE","76"
"26","C22","#4391BA","77"
"26","C23","#90D2E3","78"
"26","C24","#6BA4E0","79"
"26","C25","#9BFFFF","80"
"26","C26","#167EA0","81"
"26","C27","#E5F8FF","82"
"26","C28","#A5BBDC","83"
"26","D1","#6796F5","84"
"26","D2","#5874D0","85"
"26","D3","#00117A","86"
"26","D5","#9A25A1","87"
"26","D6","#998FCB","88"
"26","D7","#421692","89"
"26","D8","#E6DCFB","90"
"26","D9","#BBA6EA","91"
"26","D11","#A8B0E9","92"
"26","D12","#BD9ACA","93"
"26","D13","#A023C9","94"
"26","D14","#592184","95"
"26","D15","#29175D","96"
"26","D16","#D0D2F3","97"
"26","D17","#9CAFE1","98"
"26","D18","#9168A8","99"
"26","D19","#D7C7DD","100"
"26","D20","#AA05F7","101"
"26","D21","#6D04B6","102"
"26","D22","#181A70","103"
"26","D23","#DABFE4","104"
"26","D24","#6A5FC0","105"
"26","D25","#372EB0","106"
"26","D26","#BC93E5","107"
"26","E1","#FDC6BB","108"
"26","E2","#F9B4E8","109"
"26","E3","#F38EDA","110"
"26","E4","#F068C2","111"
"26","E5","#E51F93","112"
"26","E6","#EE1686","113"
"26","E7","#9B1F65","114"
"26","E8","#FED6E9","115"
"26","E9","#FC73B0","116"
"26","E10","#C81698","117"
"26","E11","#F7E4DE","118"
"26","E12","#F993E5","119"
"26","E13","#922991","120"
"26","E14","#F9CAB3","121"
"26","E15","#EAC4C4","122"
"26","E16","#F8EBE7","123"
"26","E17","#FBDCED","124"
"26","E18","#F8C9E2","125"
"26","E19","#F9C7DE","126"
"26","E20","#E4BEBF","127"
"26","E21","#CCA2B2","128"
"26","E22","#AD4D95","129"
"26","E23","#6E4C84","130"
"26","E24","#FCE9F4","131"
"26","F1","#FE896E","132"
"26","F2","#FF251B","133"
"26","F3","#DE514A","134"
"26","F4","#FF1111","135"
"26","F5","#F60000","136"
"26","F6","#772C02","137"
"26","F7","#51071C","138"
"26","F8","#A80000","139"
"26","F9","#D27F91","140"
"26","F10","#94430D","141"
"26","F11","#451B02","142"
"26","F12","#E55C64","143"
"26","F13","#CF5323","144"
"26","F14","#FF9393","145"
"26","F15","#D20000","146"
"26","F16","#FCE1DF","147"
"26","F17","#DEA3A3","148"
"26","F18","#C86635","149"
"26","F19","#9C0E00","150"
"26","F20","#CFA0A4","151"
"26","F21","#F0AFAA","152"
"26","F22","#FFBCB3","153"
"26","F23","#DD6555","154"
"26","F24","#FACAC9","155"
"26","F25","#DD5C47","156"
"26","G1","#F6F4D5","157"
"26","G2","#F9CBAA","158"
"26","G3","#F5B68B","159"
"26","G4","#E1B884","160"
"26","G5","#E4A01C","161"
"26","G6","#EF972F","162"
"26","G7","#5E3D11","163"
"26","G8","#311402","164"
"26","G9","#F7AF53","165"
"26","G10","#AE7634","166"
"26","G11","#E5DAA6","167"
"26","G12","#DDB995","168"
"26","G13","#BD6D3D","169"
"26","G14","#4D3420","170"
"26","G15","#FFFEDF","171"
"26","G16","#EAECD0","172"
"26","G17","#261100","173"
"26","G18","#F9EDE6","174"
"26","G19","#E9A81D","175"
"26","G20","#6A3009","176"
"26","G21","#C58C5D","177"
"26","H2","#FFFFFF","178"
"26","H3","#ACACAC","179"
"26","H4","#808080","180"
"26","H5","#4D4D4D","181"
"26","H6","#292929","182"
"26","H7","#000000","183"
"26","H8","#F3CCE0","184"
"26","H9","#DDDDDD","185"
"26","H10","#EAE3E3","186"
"26","H11","#C4C8C3","187"
"26","H12","#EAE1D2","188"
"26","H13","#F0E8DB","189"
"26","H15","#798D97","190"
"26","H16","#160B11","191"
"26","H17","#F1F0EE","192"
"26","H18","#F8FAEF","193"
"26","H19","#F5F1DC","194"
"26","H20","#8C8C8C","195"
"26","H22","#F3F3EB","196"
"26","H23","#A1AFA3","197"
"26","M1","#CDDCCD","198"
"26","M2","#63856D","199"
"26","M3","#1E4251","200"
"26","M4","#CDCAC4","201"
"26","M5","#C5CFB6","202"
"26","M6","#94966E","203"
"26","M7","#968784","204"
"26","M8","#AEAAAA","205"
"26","M9","#B7A275","206"
"26","M10","#B49DA5","207"
"26","M11","#A38B99","208"
"26","M12","#48342B","209"
"26","M13","#CE8C72","210"
"26","M14","#8C3C24","211"
"26","M15","#5C6E6E","212"
"27","A1","#FAF5CD","1"
"27","A2","#FCFED6","2"
"27","A3","#FCFF92","3"
"27","A4","#F7EC5C","4"
"27","A5","#F0D83A","5"
"27","A6","#FDA951","6"
"27","A7","#FA8C4F","7"
"27","A8","#FDD94D","8"
"27","A9","#F99C5F","9"
"27","A10","#F47E36","10"
"27","A11","#FEDB99","11"
"27","A12","#FDA276","12"
"27","A13","#FEC667","13"
"27","A14","#F85842","14"
"27","A15","#FBF65E","15"
"27","A16","#FEFF97","16"
"27","A17","#FDE173","17"
"27","A18","#FCBF80","18"
"27","A19","#FD7E77","19"
"27","A20","#F9D66E","20"
"27","A21","#FAE393","21"
"27","A22","#EDF878","22"
"27","A23","#E1C9BD","23"
"27","A24","#F3F6A9","24"
"27","A25","#FFD785","25"
"27","A26","#FEC832","26"
"27","B1","#DFF139","27"
"27","B2","#64F343","28"
"27","B3","#9FF685","29"
"27","B4","#5FDF34","30"
"27","B5","#39E158","31"
"27","B6","#64E0A4","32"
"27","B7","#3FAE7C","33"
"27","B8","#1D9E54","34"
"27","B9","#2A5037","35"
"27","B10","#9AD1BA","36"
"27","B11","#627032","37"
"27","B12","#1A6E3D","38"
"27","B13","#C8E87D","39"
"27","B14","#ACE84C","40"
"27","B15","#305335","41"
"27","B16","#C0ED9C","42"
"27","B17","#9EB33E","43"
"27","B18","#E6ED4F","44"
"27","B19","#26B78E","45"
"27","B20","#CAEDCF","46"
"27","B21","#176268","47"
"27","B22","#0A4241","48"
"27","B23","#343B1A","49"
"27","B24","#E8FAA6","50"
"27","B25","#4E846D","51"
"27","B26","#907C35","52"
"27","B27","#D0E0AF","53"
"27","B28","#9EE5BB","54"
"27","B29","#C6DF5F","55"
"27","B30","#E3FBB1","56"
"27","B31","#B2E694","57"
"27","B32","#92AD60","58"
"27","C1","#FFFEE4","59"
"27","C2","#ABF8FE","60"
"27","C3","#9EE0F8","61"
"27","C4","#44CDFB","62"
"27","C5","#06ABE3","63"
"27","C6","#54A7E9","64"
"27","C7","#3977CC","65"
"27","C8","#0F52BD","66"
"27","C9","#3349C3","67"
"27","C10","#3DBBE3","68"
"27","C11","#2ADED3","69"
"27","C12","#1E334E","70"
"27","C13","#CDE7FE","71"
"27","C14","#D6FDFC","72"
"27","C15","#21C5C4","73"
"27","C16","#1858A2","74"
"27","C17","#02D1F3","75"
"27","C18","#213244","76"
"27","C19","#188690","77"
"27","C20","#1A70A9","78"
"27","C21","#BEDDFC","79"
"27","C22","#6BB1BB","80"
"27","C23","#C8E2F9","81"
"27","C24","#7EC5F9","82"
"27","C25","#A9E8E0","83"
"27","C26","#42ADD1","84"
"27","C27","#D0DEEF","85"
"27","C28","#BDCEED","86"
"27","C29","#364A89","87"
"27","D1","#ACB7EF","88"
"27","D2","#868DD3","89"
"27","D3","#3653AF","90"
"27","D4","#162C7E","91"
"27","D5","#B34EC6","92"
"27","D6","#B37BDC","93"
"27","D7","#8758A9","94"
"27","D8","#E3D2FE","95"
"27","D9","#D6BAF5","96"
"27","D10","#301A49","97"
"27","D11","#BCBAE2","98"
"27","D12","#DC99CE","99"
"27","D13","#B5038F","100"
"27","D14","#882893","101"
"27","D15","#2F1E8E","102"
"27","D16","#E2E4F0","103"
"27","D17","#C7D3F9","104"
"27","D18","#9A64B8","105"
"27","D19","#D8C2D9","106"
"27","D20","#9C34AD","107"
"27","D21","#940595","108"
"27","D22","#383995","109"
"27","D23","#FADBF8","110"
"27","D24","#768AE1","111"
"27","D25","#4950C2","112"
"27","D26","#D6C6EB","113"
"27","E1","#F6D4CB","114"
"27","E2","#FCC1DD","115"
"27","E3","#F6BDE8","116"
"27","E4","#E9639E","117"
"27","E5","#F1559F","118"
"27","E6","#EC4072","119"
"27","E7","#C63674","120"
"27","E8","#FDDBE9","121"
"27","E9","#E575C7","122"
"27","E10","#D33997","123"
"27","E11","#F7DAD4","124"
"27","E12","#F893BF","125"
"27","E13","#B5026A","126"
"27","E14","#FAD4BF","127"
"27","E15","#F5C9CA","128"
"27","E16","#FBF4EC","129"
"27","E17","#F7E3EC","130"
"27","E18","#FBCBDB","131"
"27","E19","#F6BBD1","132"
"27","E20","#D7C6CE","133"
"27","E21","#C09DA4","134"
"27","E22","#B58B9F","135"
"27","E23","#937D8A","136"
"27","E24","#DEBEE5","137"
"27","F1","#FF9280","138"
"27","F2","#F73D48","139"
"27","F3","#EF4D3E","140"
"27","F4","#F92B40","141"
"27","F5","#E30328","142"
"27","F6","#913635","143"
"27","F7","#911932","144"
"27","F8","#BB0126","145"
"27","F9","#E0677A","146"
"27","F10","#874628","147"
"27","F11","#592323","148"
"27","F12","#F8516D","149"
"27","F13","#F45C45","150"
"27","F14","#FCADB2","151"
"27","F15","#D50527","152"
"27","F16","#F8C0A9","153"
"27","F17","#E89B7D","154"
"27","F18","#D07E4A","155"
"27","F19","#BE454A","156"
"27","F20","#C69495","157"
"27","F21","#F2BBC6","158"
"27","F22","#F7C3D0","159"
"27","F23","#EC806D","160"
"27","F24","#E09DAF","161"
"27","F25","#E84854","162"
"27","G1","#FFE4D3","163"
"27","G2","#FCC6AC","164"
"27","G3","#F1C4A5","165"
"27","G4","#DCB387","166"
"27","G5","#E7B34E","167"
"27","G6","#F3A014","168"
"27","G7","#98503A","169"
"27","G8","#713D2F","170"
"27","G9","#E4B685","171"
"27","G10","#DA8C42","172"
"27","G11","#DAC898","173"
"27","G12","#FEC993","174"
"27","G13","#B2714B","175"
"27","G14","#8B684C","176"
"27","G15","#F6F8E3","177"
"27","G16","#F2D8C1","178"
"27","G17","#79544E","179"
"27","G18","#FFE4D6","180"
"27","G19","#DD7D41","181"
"27","G20","#A5452F","182"
"27","G21","#B38561","183"
"27","H1","#FBFBFB","184"
"27","H2","#FFFFFF","185"
"27","H3","#B4B4B4","186"
"27","H4","#878787","187"
"27","H5","#464648","188"
"27","H6","#2C2C2C","189"
"27","H7","#010101","190"
"27","H8","#E7D6DC","191"
"27","H9","#EFEDEE","192"
"27","H10","#ECEAEB","193"
"27","H11","#CDCDCD","194"
"27","H12","#FDF6EE","195"
"27","H13","#F4EFD1","196"
"27","H14","#CED7D4","197"
"27","H15","#98A6A6","198"
"27","H16","#1B1213","199"
"27","H17","#F0EEEF","200"
"27","H18","#FCFFF8","201"
"27","H19","#F2EEE5","202"
"27","H20","#96A09F","203"
"27","H21","#F8FBE6","204"
"27","H22","#CACADA","205"
"27","H23","#9B9C94","206"
"27","M1","#BBC6B6","207"
"27","M2","#909994","208"
"27","M3","#697E80","209"
"27","M4","#E0D4BC","210"
"27","M5","#D0CBAE","211"
"27","M6","#B0AA86","212"
"27","M7","#B0A796","213"
"27","M8","#AE8082","214"
"27","M9","#A88764","215"
"27","M10","#C6B2BB","216"
"27","M11","#9D7693","217"
"27","M12","#644B51","218"
"27","M13","#C79266","219"
"27","M14","#C37463","220"
"27","M15","#747D7A","221"
"27","P1","#F9F9F9","222"
"27","P2","#ABABAB","223"
"27","P3","#B6DBAF","224"
"27","P4","#FEA2A3","225"
"27","P5","#EB903F","226"
"27","P6","#63CEA2","227"
"27","P7","#E79273","228"
"27","P8","#ECDB59","229"
"27","P9","#DBD9DA","230"
"27","P10","#DBC7EA","231"
"27","P11","#F1E9D4","232"
"27","P12","#E9EDEE","233"
"27","P13","#ADCBF1","234"
"27","P14","#337BAD","235"
"27","P15","#EEE2E8","236"
"27","P16","#FDC24E","237"
"27","P17","#FDA42E","238"
"27","P18","#FEBDA7","239"
"27","P19","#FFDEE9","240"
"27","P20","#FCBFD1","241"
"27","P21","#E8BEC2","242"
"27","P22","#DFAAA4","243"
"27","P23","#A3656A","244"
"27","R1","#D40E1F","245"
"27","R2","#F13484","246"
"27","R3","#FB852B","247"
"27","R4","#F8ED33","248"
"27","R5","#32C958","249"
"27","R6","#1EBA93","250"
"27","R7","#1D779C","251"
"27","R8","#1960C8","252"
"27","R9","#945AB1","253"
"27","R10","#F8DA54","254"
"27","R11","#FCECF7","255"
"27","R12","#D8D4D3","256"
"27","R13","#56534E","257"
"27","R14","#A3E7DC","258"
"27","R15","#78CEE7","259"
"27","R16","#3FCDCE","260"
"27","R17","#4E8379","261"
"27","R18","#7DCA9C","262"
"27","R19","#C8E664","263"
"27","R20","#E3CCBA","264"
"27","R21","#A17140","265"
"27","R22","#6B372C","266"
"27","R23","#F6BB6F","267"
"27","R24","#F3C6C0","268"
"27","R25","#C76A62","269"
"27","R26","#D093BC","270"
"27","R27","#E58EAE","271"
"27","R28","#9F85CF","272"
"27","T1","#FCFDFF","273"
"27","Y1","#FF6FB7","274"
"27","Y2","#FDB583","275"
"27","Y3","#D8FCA4","276"
"27","Y4","#91DAFB","277"
"27","Y5","#E987EA","278"
"27","Y6","#F7D4E8","279"
"27","Y7","#F1FA7D","280"
"27","Y8","#5EE88C","281"
"27","Y9","#F8F5FE","282"
"27","Z1","#DAABB3","283"
"27","Z2","#D6AA87","284"
"27","Z3","#C1BD8D","285"
"27","Z4","#96B69F","286"
"27","Z5","#849DC6","287"
"27","Z6","#94BFE2","288"
"27","Z7","#E2A9D2","289"
"27","Z8","#AB91C0","290"
"28","A01","#FFFFFF","1"
"28","A02","#FDFBFF","2"
"28","B03","#B6B1BA","3"
"28","B05","#89858C","4"
"28","B06","#48464E","5"
"28","B09","#000000","6"
"28","C07","#E7002F","7"
"28","D05","#FD992C","8"
"28","D08","#F45519","9"
"28","E07","#FFD52A","10"
"28","F04","#AAEE93","11"
"28","F10","#5CC840","12"
"28","F11","#1B9C4F","13"
"28","H04","#C1ECFC","14"
"28","H07","#27CDED","15"
"28","H14","#0E54C0","16"
"28","J04","#D5B9F8","17"
"28","J11","#AC7BDE","18"
"28","J15","#8854B3","19"
"28","K15","#FFBFDF","20"
"28","K21","#E8649E","21"
"28","Z02","#FFE2CD","22"
"28","Z10","#F09668","23"
"28","Z18","#9D5B3E","24"
"29","A01","#FFFFFF","1"
"29","A02","#FDFBFF","2"
"29","B03","#B6B1BA","3"
"29","B05","#89858C","4"
"29","B06","#48464E","5"
"29","B09","#000000","6"
"29","C04","#F24D44","7"
"29","C07","#E7002F","8"
"29","C09","#BC0029","9"
"29","D01","#FEC983","10"
"29","D04","#FAA43A","11"
"29","D05","#FD992C","12"
"29","D07","#EE702D","13"
"29","D08","#F45519","14"
"29","E07","#FFD52A","15"
"29","F04","#AAEE93","16"
"29","F10","#5CC840","17"
"29","F11","#1B9C4F","18"
"29","F12","#156F41","19"
"29","H01","#D3EAFF","20"
"29","H03","#C0F9FC","21"
"29","H04","#C1ECFC","22"
"29","H07","#27CDED","23"
"29","H08","#7CBCF3","24"
"29","H09","#3FBCE2","25"
"29","H10","#29DDDE","26"
"29","H13","#3677D2","27"
"29","H14","#0E54C0","28"
"29","H15","#2F54AF","29"
"29","H22","#2F1F90","30"
"29","J04","#D5B9F8","31"
"29","J09","#D0B7CF","32"
"29","J11","#AC7BDE","33"
"29","J13","#A35EC7","34"
"29","J14","#B90095","35"
"29","J15","#8854B3","36"
"29","J18","#9A019B","37"
"29","K12","#FED4DD","38"
"29","K15","#FFBFDF","39"
"29","K17","#FD86AC","40"
"29","K21","#E8649E","41"
"29","K25","#C53378","42"
"29","Z02","#FFE2CD","43"
"29","Z09","#E3AB72","44"
"29","Z10","#F09668","45"
"29","Z14","#B7714A","46"
"29","Z18","#9D5B3E","47"
"29","Z22","#753B32","48"
"30","A01","#FFFFFF","1"
"30","A02","#FDFBFF","2"
"30","B03","#B6B1BA","3"
"30","B05","#89858C","4"
"30","B06","#48464E","5"
"30","B09","#000000","6"
"30","C04","#F24D44","7"
"30","C07","#E7002F","8"
"30","C09","#BC0029","9"
"30","C10","#981837","10"
"30","D01","#FEC983","11"
"30","D04","#FAA43A","12"
"30","D05","#FD992C","13"
"30","D07","#EE702D","14"
"30","D08","#F45519","15"
"30","E05","#FFE772","16"
"30","E07","#FFD52A","17"
"30","F04","#AAEE93","18"
"30","F06","#D7F147","19"
"30","F07","#D1DF3D","20"
"30","F10","#5CC840","21"
"30","F11","#1B9C4F","22"
"30","F12","#156F41","23"
"30","F13","#9BB13A","24"
"30","G02","#D3EACD","25"
"30","G03","#A6DDD4","26"
"30","G05","#33BFB0","27"
"30","G06","#25B88C","28"
"30","H01","#D3EAFF","29"
"30","H03","#C0F9FC","30"
"30","H04","#C1ECFC","31"
"30","H07","#27CDED","32"
"30","H08","#7CBCF3","33"
"30","H09","#3FBCE2","34"
"30","H10","#29DDDE","35"
"30","H13","#3677D2","36"
"30","H14","#0E54C0","37"
"30","H15","#2F54AF","38"
"30","H18","#1557A7","39"
"30","H22","#2F1F90","40"
"30","J01","#E3E1EE","41"
"30","J03","#E1D3FF","42"
"30","J04","#D5B9F8","43"
"30","J06","#B9BAE1","44"
"30","J08","#858EDD","45"
"30","J09","#D0B7CF","46"
"30","J10","#DE9AD4","47"
"30","J11","#AC7BDE","48"
"30","J13","#A35EC7","49"
"30","J14","#B90095","50"
"30","J15","#8854B3","51"
"30","J16","#8B279B","52"
"30","J17","#9C32B2","53"
"30","J18","#9A019B","54"
"30","K03","#FBD3CB","55"
"30","K12","#FED4DD","56"
"30","K15","#FFBFDF","57"
"30","K16","#F78FC3","58"
"30","K17","#FD86AC","59"
"30","K19","#F551A2","60"
"30","K21","#E8649E","61"
"30","K24","#B5006D","62"
"30","K25","#C53378","63"
"30","Z02","#FFE2CD","64"
"30","Z05","#FEBA99","65"
"30","Z06","#F4C3A5","66"
"30","Z09","#E3AB72","67"
"30","Z10","#F09668","68"
"30","Z14","#B7714A","69"
"30","Z18","#9D5B3E","70"
"30","Z20","#8A4526","71"
"30","Z22","#753B32","72"
"31","A01","#FFFFFF","1"
"31","A02","#FDFBFF","2"
"31","B03","#B6B1BA","3"
"31","B05","#89858C","4"
"31","B06","#48464E","5"
"31","B07","#2F2B2F","6"
"31","B09","#000000","7"
"31","C01","#FC3F5B","8"
"31","C02","#FC3E46","9"
"31","C03","#F74941","10"
"31","C04","#F24D44","11"
"31","C05","#F74129","12"
"31","C06","#FC283C","13"
"31","C07","#E7002F","14"
"31","C09","#BC0029","15"
"31","C10","#981837","16"
"31","D01","#FEC983","17"
"31","D04","#FAA43A","18"
"31","D05","#FD992C","19"
"31","D07","#EE702D","20"
"31","D08","#F45519","21"
"31","E05","#FFE772","22"
"31","E07","#FFD52A","23"
"31","F04","#AAEE93","24"
"31","F06","#D7F147","25"
"31","F07","#D1DF3D","26"
"31","F10","#5CC840","27"
"31","F11","#1B9C4F","28"
"31","F12","#156F41","29"
"31","F13","#9BB13A","30"
"31","G02","#D3EACD","31"
"31","G03","#A6DDD4","32"
"31","G05","#33BFB0","33"
"31","G06","#25B88C","34"
"31","H01","#D3EAFF","35"
"31","H03","#C0F9FC","36"
"31","H04","#C1ECFC","37"
"31","H07","#27CDED","38"
"31","H08","#7CBCF3","39"
"31","H09","#3FBCE2","40"
"31","H10","#29DDDE","41"
"31","H13","#3677D2","42"
"31","H14","#0E54C0","43"
"31","H15","#2F54AF","44"
"31","H18","#1557A7","45"
"31","H22","#2F1F90","46"
"31","J01","#E3E1EE","47"
"31","J03","#E1D3FF","48"
"31","J04","#D5B9F8","49"
"31","J06","#B9BAE1","50"
"31","J08","#858EDD","51"
"31","J09","#D0B7CF","52"
"31","J10","#DE9AD4","53"
"31","J11","#AC7BDE","54"
"31","J12","#B743C5","55"
"31","J13","#A35EC7","56"
"31","J14","#B90095","57"
"31","J15","#8854B3","58"
"31","J16","#8B279B","59"
"31","J17","#9C32B2","60"
"31","J18","#9A019B","61"
"31","K02","#FCDDD2","62"
"31","K03","#FBD3CB","63"
"31","K04","#F8C7C9","64"
"31","K05","#FECCB1","65"
"31","K07","#FD9F93","66"
"31","K08","#FD957B","67"
"31","K12","#FED4DD","68"
"31","K15","#FFBFDF","69"
"31","K16","#F78FC3","70"
"31","K17","#FD86AC","71"
"31","K18","#E970CC","72"
"31","K19","#F551A2","73"
"31","K20","#E2677A","74"
"31","K21","#E8649E","75"
"31","K22","#F0356A","76"
"31","K23","#CD2C87","77"
"31","K24","#B5006D","78"
"31","K25","#C53378","79"
"31","Y05","#D0CCA9","80"
"31","Y06","#B6AE8B","81"
"31","Y09","#A58767","82"
"31","Y12","#69494B","83"
"31","Z02","#FFE2CD","84"
"31","Z05","#FEBA99","85"
"31","Z06","#F4C3A5","86"
"31","Z09","#E3AB72","87"
"31","Z10","#F09668","88"
"31","Z14","#B7714A","89"
"31","Z16","#76615D","90"
"31","Z17","#8C614C","91"
"31","Z18","#9D5B3E","92"
"31","Z20","#8A4526","93"
"31","Z21","#943630","94"
"31","Z22","#753B32","95"
"31","Z23","#5A2121","96"
"32","A01","#FFFFFF","1"
"32","A02","#FDFBFF","2"
"32","A04","#FFF5ED","3"
"32","B03","#B6B1BA","4"
"32","B05","#89858C","5"
"32","B06","#48464E","6"
"32","B07","#2F2B2F","7"
"32","B09","#000000","8"
"32","C01","#FC3F5B","9"
"32","C02","#FC3E46","10"
"32","C03","#F74941","11"
"32","C04","#F24D44","12"
"32","C05","#F74129","13"
"32","C06","#FC283C","14"
"32","C07","#E7002F","15"
"32","C09","#BC0029","16"
"32","C10","#981837","17"
"32","D01","#FEC983","18"
"32","D03","#F8B123","19"
"32","D04","#FAA43A","20"
"32","D05","#FD992C","21"
"32","D06","#F58133","22"
"32","D07","#EE702D","23"
"32","D08","#F45519","24"
"32","E02","#F9F0B2","25"
"32","E04","#FFF34D","26"
"32","E05","#FFE772","27"
"32","E07","#FFD52A","28"
"32","E08","#E2B025","29"
"32","F02","#CAFD7B","30"
"32","F03","#C5ED9B","31"
"32","F04","#AAEE93","32"
"32","F05","#E5EE30","33"
"32","F06","#D7F147","34"
"32","F07","#D1DF3D","35"
"32","F08","#AEE02C","36"
"32","F09","#5EE035","37"
"32","F10","#5CC840","38"
"32","F11","#1B9C4F","39"
"32","F12","#156F41","40"
"32","F13","#9BB13A","41"
"32","F14","#5D722B","42"
"32","F15","#2E5132","43"
"32","G01","#E8FFE7","44"
"32","G02","#D3EACD","45"
"32","G03","#A6DDD4","46"
"32","G04","#17F3D2","47"
"32","G05","#33BFB0","48"
"32","G06","#25B88C","49"
"32","H01","#D3EAFF","50"
"32","H02","#E3F2EF","51"
"32","H03","#C0F9FC","52"
"32","H04","#C1ECFC","53"
"32","H05","#75D7FF","54"
"32","H07","#27CDED","55"
"32","H08","#7CBCF3","56"
"32","H09","#3FBCE2","57"
"32","H10","#29DDDE","58"
"32","H11","#24D1D5","59"
"32","H13","#3677D2","60"
"32","H14","#0E54C0","61"
"32","H15","#2F54AF","62"
"32","H16","#2F46C0","63"
"32","H18","#1557A7","64"
"32","H19","#0FD1E8","65"
"32","H22","#2F1F90","66"
"32","J01","#E3E1EE","67"
"32","J03","#E1D3FF","68"
"32","J04","#D5B9F8","69"
"32","J05","#C4D3F6","70"
"32","J06","#B9BAE1","71"
"32","J07","#AEB4F2","72"
"32","J08","#858EDD","73"
"32","J09","#D0B7CF","74"
"32","J10","#DE9AD4","75"
"32","J11","#AC7BDE","76"
"32","J12","#B743C5","77"
"32","J13","#A35EC7","78"
"32","J14","#B90095","79"
"32","J15","#8854B3","80"
"32","J16","#8B279B","81"
"32","J17","#9C32B2","82"
"32","J18","#9A019B","83"
"32","K02","#FCDDD2","84"
"32","K03","#FBD3CB","85"
"32","K04","#F8C7C9","86"
"32","K05","#FECCB1","87"
"32","K07","#FD9F93","88"
"32","K08","#FD957B","89"
"32","K09","#FE9F72","90"
"32","K12","#FED4DD","91"
"32","K15","#FFBFDF","92"
"32","K16","#F78FC3","93"
"32","K17","#FD86AC","94"
"32","K18","#E970CC","95"
"32","K19","#F551A2","96"
"32","K20","#E2677A","97"
"32","K21","#E8649E","98"
"32","K22","#F0356A","99"
"32","K23","#CD2C87","100"
"32","K24","#B5006D","101"
"32","K25","#C53378","102"
"32","Y05","#D0CCA9","103"
"32","Y06","#B6AE8B","104"
"32","Y09","#A58767","105"
"32","Y12","#69494B","106"
"32","Z02","#FFE2CD","107"
"32","Z05","#FEBA99","108"
"32","Z06","#F4C3A5","109"
"32","Z09","#E3AB72","110"
"32","Z10","#F09668","111"
"32","Z11","#F07347","112"
"32","Z14","#B7714A","113"
"32","Z16","#76615D","114"
"32","Z17","#8C614C","115"
"32","Z18","#9D5B3E","116"
"32","Z20","#8A4526","117"
"32","Z21","#943630","118"
"32","Z22","#753B32","119"
"32","Z23","#5A2121","120"
"33","A01","#FFFFFF","1"
"33","A02","#FDFBFF","2"
"33","A04","#FFF5ED","3"
"33","A06","#F5EED4","4"
"33","A08","#E5E3DB","5"
"33","A09","#E6D6DA","6"
"33","A10","#DCD1D2","7"
"33","B01","#CECDD5","8"
"33","B02","#CED7D3","9"
"33","B03","#B6B1BA","10"
"33","B05","#89858C","11"
"33","B06","#48464E","12"
"33","B07","#2F2B2F","13"
"33","B09","#000000","14"
"33","C01","#FC3F5B","15"
"33","C02","#FC3E46","16"
"33","C03","#F74941","17"
"33","C04","#F24D44","18"
"33","C05","#F74129","19"
"33","C06","#FC283C","20"
"33","C07","#E7002F","21"
"33","C09","#BC0029","22"
"33","C10","#981837","23"
"33","D01","#FEC983","24"
"33","D03","#F8B123","25"
"33","D04","#FAA43A","26"
"33","D05","#FD992C","27"
"33","D06","#F58133","28"
"33","D07","#EE702D","29"
"33","D08","#F45519","30"
"33","E01","#F8F9D7","31"
"33","E02","#F9F0B2","32"
"33","E04","#FFF34D","33"
"33","E05","#FFE772","34"
"33","E07","#FFD52A","35"
"33","E08","#E2B025","36"
"33","F02","#CAFD7B","37"
"33","F03","#C5ED9B","38"
"33","F04","#AAEE93","39"
"33","F05","#E5EE30","40"
"33","F06","#D7F147","41"
"33","F07","#D1DF3D","42"
"33","F08","#AEE02C","43"
"33","F09","#5EE035","44"
"33","F10","#5CC840","45"
"33","F11","#1B9C4F","46"
"33","F12","#156F41","47"
"33","F13","#9BB13A","48"
"33","F14","#5D722B","49"
"33","F15","#2E5132","50"
"33","G01","#E8FFE7","51"
"33","G02","#D3EACD","52"
"33","G03","#A6DDD4","53"
"33","G04","#17F3D2","54"
"33","G05","#33BFB0","55"
"33","G06","#25B88C","56"
"33","H01","#D3EAFF","57"
"33","H02","#E3F2EF","58"
"33","H03","#C0F9FC","59"
"33","H04","#C1ECFC","60"
"33","H05","#75D7FF","61"
"33","H07","#27CDED","62"
"33","H08","#7CBCF3","63"
"33","H09","#3FBCE2","64"
"33","H10","#29DDDE","65"
"33","H11","#24D1D5","66"
"33","H13","#3677D2","67"
"33","H14","#0E54C0","68"
"33","H15","#2F54AF","69"
"33","H16","#2F46C0","70"
"33","H18","#1557A7","71"
"33","H19","#0FD1E8","72"
"33","H22","#2F1F90","73"
"33","J01","#E3E1EE","74"
"33","J03","#E1D3FF","75"
"33","J04","#D5B9F8","76"
"33","J05","#C4D3F6","77"
"33","J06","#B9BAE1","78"
"33","J07","#AEB4F2","79"
"33","J08","#858EDD","80"
"33","J09","#D0B7CF","81"
"33","J10","#DE9AD4","82"
"33","J11","#AC7BDE","83"
"33","J12","#B743C5","84"
"33","J13","#A35EC7","85"
"33","J14","#B90095","86"
"33","J15","#8854B3","87"
"33","J16","#8B279B","88"
"33","J17","#9C32B2","89"
"33","J18","#9A019B","90"
"33","K02","#FCDDD2","91"
"33","K03","#FBD3CB","92"
"33","K04","#F8C7C9","93"
"33","K05","#FECCB1","94"
"33","K07","#FD9F93","95"
"33","K08","#FD957B","96"
"33","K09","#FE9F72","97"
"33","K12","#FED4DD","98"
"33","K15","#FFBFDF","99"
"33","K16","#F78FC3","100"
"33","K17","#FD86AC","101"
"33","K18","#E970CC","102"
"33","K19","#F551A2","103"
"33","K20","#E2677A","104"
"33","K21","#E8649E","105"
"33","K22","#F0356A","106"
"33","K23","#CD2C87","107"
"33","K24","#B5006D","108"
"33","K25","#C53378","109"
"33","Y01","#BCC6B8","110"
"33","Y02","#8AA385","111"
"33","Y03","#697D7F","112"
"33","Y04","#E3D2BB","113"
"33","Y05","#D0CCA9","114"
"33","Y06","#B6AE8B","115"
"33","Y07","#A69383","116"
"33","Y08","#B38281","117"
"33","Y09","#A58767","118"
"33","Y10","#C5B2BB","119"
"33","Y11","#9F7594","120"
"33","Y12","#69494B","121"
"33","Y13","#DF8F70","122"
"33","Y14","#C77362","123"
"33","Y15","#747D7B","124"
"33","Z02","#FFE2CD","125"
"33","Z03","#F9E9CB","126"
"33","Z04","#F2D9BA","127"
"33","Z05","#FEBA99","128"
"33","Z06","#F4C3A5","129"
"33","Z07","#DFC38D","130"
"33","Z08","#E1B382","131"
"33","Z09","#E3AB72","132"
"33","Z10","#F09668","133"
"33","Z11","#F07347","134"
"33","Z13","#BF8D55","135"
"33","Z14","#B7714A","136"
"33","Z15","#CC791F","137"
"33","Z16","#76615D","138"
"33","Z17","#8C614C","139"
"33","Z18","#9D5B3E","140"
"33","Z20","#8A4526","141"
"33","Z21","#943630","142"
"33","Z22","#753B32","143"
"33","Z23","#5A2121","144"
"34","A01","#FFFFFF","1"
"34","A02","#FDFBFF","2"
"34","A04","#FFF5ED","3"
"34","A06","#F5EED4","4"
"34","A08","#E5E3DB","5"
"34","A09","#E6D6DA","6"
"34","A10","#DCD1D2","7"
"34","B01","#CECDD5","8"
"34","B02","#CED7D3","9"
"34","B03","#B6B1BA","10"
"34","B05","#89858C","11"
"34","B06","#48464E","12"
"34","B07","#2F2B2F","13"
"34","B09","#000000","14"
"34","C01","#FC3F5B","15"
"34","C02","#FC3E46","16"
"34","C03","#F74941","17"
"34","C04","#F24D44","18"
"34","C05","#F74129","19"
"34","C06","#FC283C","20"
"34","C07","#E7002F","21"
"34","C09","#BC0029","22"
"34","C10","#981837","23"
"34","D01","#FEC983","24"
"34","D03","#F8B123","25"
"34","D04","#FAA43A","26"
"34","D05","#FD992C","27"
"34","D06","#F58133","28"
"34","D07","#EE702D","29"
"34","D08","#F45519","30"
"34","E01","#F8F9D7","31"
"34","E02","#F9F0B2","32"
"34","E04","#FFF34D","33"
"34","E05","#FFE772","34"
"34","E07","#FFD52A","35"
"34","E08","#E2B025","36"
"34","F02","#CAFD7B","37"
"34","F03","#C5ED9B","38"
"34","F04","#AAEE93","39"
"34","F05","#E5EE30","40"
"34","F06","#D7F147","41"
"34","F07","#D1DF3D","42"
"34","F08","#AEE02C","43"
"34","F09","#5EE035","44"
"34","F10","#5CC840","45"
"34","F11","#1B9C4F","46"
"34","F12","#156F41","47"
"34","F13","#9BB13A","48"
"34","F14","#5D722B","49"
"34","F15","#2E5132","50"
"34","G01","#E8FFE7","51"
"34","G02","#D3EACD","52"
"34","G03","#A6DDD4","53"
"34","G04","#17F3D2","54"
"34","G05","#33BFB0","55"
"34","G06","#25B88C","56"
"34","H01","#D3EAFF","57"
"34","H02","#E3F2EF","58"
"34","H03","#C0F9FC","59"
"34","H04","#C1ECFC","60"
"34","H05","#75D7FF","61"
"34","H07","#27CDED","62"
"34","H08","#7CBCF3","63"
"34","H09","#3FBCE2","64"
"34","H10","#29DDDE","65"
"34","H11","#24D1D5","66"
"34","H13","#3677D2","67"
"34","H14","#0E54C0","68"
"34","H15","#2F54AF","69"
"34","H16","#2F46C0","70"
"34","H18","#1557A7","71"
"34","H19","#0FD1E8","72"
"34","H22","#2F1F90","73"
"34","J01","#E3E1EE","74"
"34","J03","#E1D3FF","75"
"34","J04","#D5B9F8","76"
"34","J05","#C4D3F6","77"
"34","J06","#B9BAE1","78"
"34","J07","#AEB4F2","79"
"34","J08","#858EDD","80"
"34","J09","#D0B7CF","81"
"34","J10","#DE9AD4","82"
"34","J11","#AC7BDE","83"
"34","J12","#B743C5","84"
"34","J13","#A35EC7","85"
"34","J14","#B90095","86"
"34","J15","#8854B3","87"
"34","J16","#8B279B","88"
"34","J17","#9C32B2","89"
"34","J18","#9A019B","90"
"34","K02","#FCDDD2","91"
"34","K03","#FBD3CB","92"
"34","K04","#F8C7C9","93"
"34","K05","#FECCB1","94"
"34","K07","#FD9F93","95"
"34","K08","#FD957B","96"
"34","K09","#FE9F72","97"
"34","K12","#FED4DD","98"
"34","K15","#FFBFDF","99"
"34","K16","#F78FC3","100"
"34","K17","#FD86AC","101"
"34","K18","#E970CC","102"
"34","K19","#F551A2","103"
"34","K20","#E2677A","104"
"34","K21","#E8649E","105"
"34","K22","#F0356A","106"
"34","K23","#CD2C87","107"
"34","K24","#B5006D","108"
"34","K25","#C53378","109"
"34","L12","#D7D5CE","110"
"34","M01","#FCF7F8","111"
"34","M02","#B0A9AC","112"
"34","M03","#AFDCAB","113"
"34","M04","#FEA49F","114"
"34","M05","#EE8C3E","115"
"34","M06","#5FCFA8","116"
"34","M07","#EC9270","117"
"34","M08","#F0D957","118"
"34","M09","#D9D9D9","119"
"34","M11","#F3ECC9","120"
"34","M12","#E5EEF1","121"
"34","M13","#A9CBEF","122"
"34","M14","#3375B0","123"
"34","M15","#668575","124"
"34","M16","#FEBF45","125"
"34","M17","#FEA324","126"
"34","M18","#FFB89F","127"
"34","M19","#FFE0E9","128"
"34","M20","#FEBECF","129"
"34","M21","#ECBEBF","130"
"34","M22","#E4A79F","131"
"34","M23","#A56268","132"
"34","Y01","#BCC6B8","133"
"34","Y02","#8AA385","134"
"34","Y03","#697D7F","135"
"34","Y04","#E3D2BB","136"
"34","Y05","#D0CCA9","137"
"34","Y06","#B6AE8B","138"
"34","Y07","#A69383","139"
"34","Y08","#B38281","140"
"34","Y09","#A58767","141"
"34","Y10","#C5B2BB","142"
"34","Y11","#9F7594","143"
"34","Y12","#69494B","144"
"34","Y13","#DF8F70","145"
"34","Y14","#C77362","146"
"34","Y15","#747D7B","147"
"34","Z02","#FFE2CD","148"
"34","Z03","#F9E9CB","149"
"34","Z04","#F2D9BA","150"
"34","Z05","#FEBA99","151"
"34","Z06","#F4C3A5","152"
"34","Z07","#DFC38D","153"
"34","Z08","#E1B382","154"
"34","Z09","#E3AB72","155"
"34","Z10","#F09668","156"
"34","Z11","#F07347","157"
"34","Z13","#BF8D55","158"
"34","Z14","#B7714A","159"
"34","Z15","#CC791F","160"
"34","Z16","#76615D","161"
"34","Z17","#8C614C","162"
"34","Z18","#9D5B3E","163"
"34","Z20","#8A4526","164"
"34","Z21","#943630","165"
"34","Z22","#753B32","166"
"34","Z23","#5A2121","167"
"35","A01","#FFFFFF","1"
"35","A02","#FDFBFF","2"
"35","A04","#FFF5ED","3"
"35","A06","#F5EED4","4"
"35","A08","#E5E3DB","5"
"35","A09","#E6D6DA","6"
"35","A10","#DCD1D2","7"
"35","B01","#CECDD5","8"
"35","B02","#CED7D3","9"
"35","B03","#B6B1BA","10"
"35","B05","#89858C","11"
"35","B06","#48464E","12"
"35","B07","#2F2B2F","13"
"35","B09","#000000","14"
"35","C01","#FC3F5B","15"
"35","C02","#FC3E46","16"
"35","C03","#F74941","17"
"35","C04","#F24D44","18"
"35","C05","#F74129","19"
"35","C06","#FC283C","20"
"35","C07","#E7002F","21"
"35","C09","#BC0029","22"
"35","C10","#981837","23"
"35","D01","#FEC983","24"
"35","D03","#F8B123","25"
"35","D04","#FAA43A","26"
"35","D05","#FD992C","27"
"35","D06","#F58133","28"
"35","D07","#EE702D","29"
"35","D08","#F45519","30"
"35","E01","#F8F9D7","31"
"35","E02","#F9F0B2","32"
"35","E04","#FFF34D","33"
"35","E05","#FFE772","34"
"35","E07","#FFD52A","35"
"35","E08","#E2B025","36"
"35","F02","#CAFD7B","37"
"35","F03","#C5ED9B","38"
"35","F04","#AAEE93","39"
"35","F05","#E5EE30","40"
"35","F06","#D7F147","41"
"35","F07","#D1DF3D","42"
"35","F08","#AEE02C","43"
"35","F09","#5EE035","44"
"35","F10","#5CC840","45"
"35","F11","#1B9C4F","46"
"35","F12","#156F41","47"
"35","F13","#9BB13A","48"
"35","F14","#5D722B","49"
"35","F15","#2E5132","50"
"35","F16","#27523A","51"
"35","G01","#E8FFE7","52"
"35","G02","#D3EACD","53"
"35","G03","#A6DDD4","54"
"35","G04","#17F3D2","55"
"35","G05","#33BFB0","56"
"35","G06","#25B88C","57"
"35","H01","#D3EAFF","58"
"35","H02","#E3F2EF","59"
"35","H03","#C0F9FC","60"
"35","H04","#C1ECFC","61"
"35","H05","#75D7FF","62"
"35","H07","#27CDED","63"
"35","H08","#7CBCF3","64"
"35","H09","#3FBCE2","65"
"35","H10","#29DDDE","66"
"35","H11","#24D1D5","67"
"35","H13","#3677D2","68"
"35","H14","#0E54C0","69"
"35","H15","#2F54AF","70"
"35","H16","#2F46C0","71"
"35","H18","#1557A7","72"
"35","H19","#0FD1E8","73"
"35","H20","#365386","74"
"35","H22","#2F1F90","75"
"35","H23","#1C334D","76"
"35","J01","#E3E1EE","77"
"35","J03","#E1D3FF","78"
"35","J04","#D5B9F8","79"
"35","J05","#C4D3F6","80"
"35","J06","#B9BAE1","81"
"35","J07","#AEB4F2","82"
"35","J08","#858EDD","83"
"35","J09","#D0B7CF","84"
"35","J10","#DE9AD4","85"
"35","J11","#AC7BDE","86"
"35","J12","#B743C5","87"
"35","J13","#A35EC7","88"
"35","J14","#B90095","89"
"35","J15","#8854B3","90"
"35","J16","#8B279B","91"
"35","J17","#9C32B2","92"
"35","J18","#9A019B","93"
"35","J19","#361B51","94"
"35","K02","#FCDDD2","95"
"35","K03","#FBD3CB","96"
"35","K04","#F8C7C9","97"
"35","K05","#FECCB1","98"
"35","K07","#FD9F93","99"
"35","K08","#FD957B","100"
"35","K09","#FE9F72","101"
"35","K12","#FED4DD","102"
"35","K15","#FFBFDF","103"
"35","K16","#F78FC3","104"
"35","K17","#FD86AC","105"
"35","K18","#E970CC","106"
"35","K19","#F551A2","107"
"35","K20","#E2677A","108"
"35","K21","#E8649E","109"
"35","K22","#F0356A","110"
"35","K23","#CD2C87","111"
"35","K24","#B5006D","112"
"35","K25","#C53378","113"
"35","L1","#D50E21","114"
"35","L2","#F93082","115"
"35","L3","#FD8225","116"
"35","L4","#F8EC31","117"
"35","L5","#35C75C","118"
"35","L6","#25B891","119"
"35","L7","#1A779D","120"
"35","L8","#1A60C2","121"
"35","L9","#9A56B4","122"
"35","L10","#FFDB4B","123"
"35","L11","#FFEBFA","124"
"35","L12","#D7D5CE","125"
"35","L13","#45423F","126"
"35","M01","#FCF7F8","127"
"35","M02","#B0A9AC","128"
"35","M03","#AFDCAB","129"
"35","M04","#FEA49F","130"
"35","M05","#EE8C3E","131"
"35","M06","#5FCFA8","132"
"35","M07","#EC9270","133"
"35","M08","#F0D957","134"
"35","M09","#D9D9D9","135"
"35","M11","#F3ECC9","136"
"35","M12","#E5EEF1","137"
"35","M13","#A9CBEF","138"
"35","M14","#3375B0","139"
"35","M15","#668575","140"
"35","M16","#FEBF45","141"
"35","M17","#FEA324","142"
"35","M18","#FFB89F","143"
"35","M19","#FFE0E9","144"
"35","M20","#FEBECF","145"
"35","M21","#ECBEBF","146"
"35","M22","#E4A79F","147"
"35","M23","#A56268","148"
"35","N01","#FD6FB4","149"
"35","N02","#FEB481","150"
"35","N03","#D7FAA0","151"
"35","N04","#8BDBFA","152"
"35","N05","#E987EA","153"
"35","Y01","#BCC6B8","154"
"35","Y02","#8AA385","155"
"35","Y03","#697D7F","156"
"35","Y04","#E3D2BB","157"
"35","Y05","#D0CCA9","158"
"35","Y06","#B6AE8B","159"
"35","Y07","#A69383","160"
"35","Y08","#B38281","161"
"35","Y09","#A58767","162"
"35","Y10","#C5B2BB","163"
"35","Y11","#9F7594","164"
"35","Y12","#69494B","165"
"35","Y13","#DF8F70","166"
"35","Y14","#C77362","167"
"35","Y15","#747D7B","168"
"35","Z02","#FFE2CD","169"
"35","Z03","#F9E9CB","170"
"35","Z04","#F2D9BA","171"
"35","Z05","#FEBA99","172"
"35","Z06","#F4C3A5","173"
"35","Z07","#DFC38D","174"
"35","Z08","#E1B382","175"
"35","Z09","#E3AB72","176"
"35","Z10","#F09668","177"
"35","Z11","#F07347","178"
"35","Z13","#BF8D55","179"
"35","Z14","#B7714A","180"
"35","Z15","#CC791F","181"
"35","Z16","#76615D","182"
"35","Z17","#8C614C","183"
"35","Z18","#9D5B3E","184"
"35","Z20","#8A4526","185"
"35","Z21","#943630","186"
"35","Z22","#753B32","187"
"35","Z23","#5A2121","188"
"36","A01","#FFFFFF","1"
"36","A02","#FDFBFF","2"
"36","A03","#FFFDF0","3"
"36","A04","#FFF5ED","4"
"36","A05","#F6EFE2","5"
"36","A06","#F5EED4","6"
"36","A07","#F1EDED","7"
"36","A08","#E5E3DB","8"
"36","A09","#E6D6DA","9"
"36","A10","#DCD1D2","10"
"36","A11","#FFFBE1","11"
"36","A12","#CACAD4","12"
"36","B01","#CECDD5","13"
"36","B02","#CED7D3","14"
"36","B03","#B6B1BA","15"
"36","B04","#98A6A8","16"
"36","B05","#89858C","17"
"36","B06","#48464E","18"
"36","B07","#2F2B2F","19"
"36","B08","#1D1414","20"
"36","B09","#000000","21"
"36","B10","#949FA3","22"
"36","B11","#9A9D94","23"
"36","C01","#FC3F5B","24"
"36","C02","#FC3E46","25"
"36","C03","#F74941","26"
"36","C04","#F24D44","27"
"36","C05","#F74129","28"
"36","C06","#FC283C","29"
"36","C07","#E7002F","30"
"36","C08","#D30022","31"
"36","C09","#BC0029","32"
"36","C10","#981837","33"
"36","D01","#FEC983","34"
"36","D02","#FEBE7D","35"
"36","D03","#F8B123","36"
"36","D04","#FAA43A","37"
"36","D05","#FD992C","38"
"36","D06","#F58133","39"
"36","D07","#EE702D","40"
"36","D08","#F45519","41"
"36","E01","#F8F9D7","42"
"36","E02","#F9F0B2","43"
"36","E03","#FFFF9F","44"
"36","E04","#FFF34D","45"
"36","E05","#FFE772","46"
"36","E06","#FFE36E","47"
"36","E07","#FFD52A","48"
"36","E08","#E2B025","49"
"36","E09","#FFD568","50"
"36","E10","#FFE395","51"
"36","E11","#F4F57D","52"
"36","E12","#E6C9B7","53"
"36","E13","#F7F8A2","54"
"36","E14","#FFD67D","55"
"36","E15","#FFC830","56"
"36","F01","#EEFCA5","57"
"36","F02","#CAFD7B","58"
"36","F03","#C5ED9B","59"
"36","F04","#AAEE93","60"
"36","F05","#E5EE30","61"
"36","F06","#D7F147","62"
"36","F07","#D1DF3D","63"
"36","F08","#AEE02C","64"
"36","F09","#5EE035","65"
"36","F10","#5CC840","66"
"36","F11","#1B9C4F","67"
"36","F12","#156F41","68"
"36","F13","#9BB13A","69"
"36","F14","#5D722B","70"
"36","F15","#2E5132","71"
"36","F16","#27523A","72"
"36","F17","#303A21","73"
"36","F18","#4E846D","74"
"36","F19","#8D7A35","75"
"36","F20","#CCE1AF","76"
"36","F21","#9EE5B9","77"
"36","F22","#C5E254","78"
"36","F23","#E2FCB1","79"
"36","F24","#B0E792","80"
"36","F25","#9CAB5A","81"
"36","G01","#E8FFE7","82"
"36","G02","#D3EACD","83"
"36","G03","#A6DDD4","84"
"36","G04","#17F3D2","85"
"36","G05","#33BFB0","86"
"36","G06","#25B88C","87"
"36","G07","#156A6B","88"
"36","G08","#0B3C43","89"
"36","H01","#D3EAFF","90"
"36","H02","#E3F2EF","91"
"36","H03","#C0F9FC","92"
"36","H04","#C1ECFC","93"
"36","H05","#75D7FF","94"
"36","H06","#BEDDFF","95"
"36","H07","#27CDED","96"
"36","H08","#7CBCF3","97"
"36","H09","#3FBCE2","98"
"36","H10","#29DDDE","99"
"36","H11","#24D1D5","100"
"36","H12","#1887A2","101"
"36","H13","#3677D2","102"
"36","H14","#0E54C0","103"
"36","H15","#2F54AF","104"
"36","H16","#2F46C0","105"
"36","H17","#176DAF","106"
"36","H18","#1557A7","107"
"36","H19","#0FD1E8","108"
"36","H20","#365386","109"
"36","H21","#333A95","110"
"36","H22","#2F1F90","111"
"36","H23","#1C334D","112"
"36","H24","#1D3344","113"
"36","H25","#67B4BE","114"
"36","H26","#C8E2FF","115"
"36","H27","#7CC4FF","116"
"36","H28","#A9E5E5","117"
"36","H29","#3CAED8","118"
"36","H30","#D3DFFA","119"
"36","H31","#BBCFED","120"
"36","H32","#34488E","121"
"36","J01","#E3E1EE","122"
"36","J02","#EBDAFC","123"
"36","J03","#E1D3FF","124"
"36","J04","#D5B9F8","125"
"36","J05","#C4D3F6","126"
"36","J06","#B9BAE1","127"
"36","J07","#AEB4F2","128"
"36","J08","#858EDD","129"
"36","J09","#D0B7CF","130"
"36","J10","#DE9AD4","131"
"36","J11","#AC7BDE","132"
"36","J12","#B743C5","133"
"36","J13","#A35EC7","134"
"36","J14","#B90095","135"
"36","J15","#8854B3","136"
"36","J16","#8B279B","137"
"36","J17","#9C32B2","138"
"36","J18","#9A019B","139"
"36","J19","#361B51","140"
"36","J20","#7786E5","141"
"36","J21","#494FC7","142"
"36","J22","#DFC2F8","143"
"36","K01","#FFF3EB","144"
"36","K02","#FCDDD2","145"
"36","K03","#FBD3CB","146"
"36","K04","#F8C7C9","147"
"36","K05","#FECCB1","148"
"36","K06","#FEC2A6","149"
"36","K07","#FD9F93","150"
"36","K08","#FD957B","151"
"36","K09","#FE9F72","152"
"36","K10","#FD7C72","153"
"36","K11","#FFE2EA","154"
"36","K12","#FED4DD","155"
"36","K13","#FFC7DB","156"
"36","K14","#FEBAD5","157"
"36","K15","#FFBFDF","158"
"36","K16","#F78FC3","159"
"36","K17","#FD86AC","160"
"36","K18","#E970CC","161"
"36","K19","#F551A2","162"
"36","K20","#E2677A","163"
"36","K21","#E8649E","164"
"36","K22","#F0356A","165"
"36","K23","#CD2C87","166"
"36","K24","#B5006D","167"
"36","K25","#C53378","168"
"36","K26","#D8C7D1","169"
"36","K27","#BD9DA1","170"
"36","K28","#B785A1","171"
"36","K29","#937A8D","172"
"36","K30","#E1BCE8","173"
"36","K31","#E69C79","174"
"36","K32","#D37C46","175"
"36","K33","#C1444A","176"
"36","K34","#CD9391","177"
"36","K35","#F7B4C6","178"
"36","K36","#FDC0D0","179"
"36","K37","#F67E66","180"
"36","K38","#E698AA","181"
"36","Y01","#BCC6B8","182"
"36","Y02","#8AA385","183"
"36","Y03","#697D7F","184"
"36","Y04","#E3D2BB","185"
"36","Y05","#D0CCA9","186"
"36","Y06","#B6AE8B","187"
"36","Y07","#A69383","188"
"36","Y08","#B38281","189"
"36","Y09","#A58767","190"
"36","Y10","#C5B2BB","191"
"36","Y11","#9F7594","192"
"36","Y12","#69494B","193"
"36","Y13","#DF8F70","194"
"36","Y14","#C77362","195"
"36","Y15","#747D7B","196"
"36","Z02","#FFE2CD","197"
"36","Z03","#F9E9CB","198"
"36","Z04","#F2D9BA","199"
"36","Z05","#FEBA99","200"
"36","Z06","#F4C3A5","201"
"36","Z07","#DFC38D","202"
"36","Z08","#E1B382","203"
"36","Z09","#E3AB72","204"
"36","Z10","#F09668","205"
"36","Z11","#F07347","206"
"36","Z12","#E07935","207"
"36","Z13","#BF8D55","208"
"36","Z14","#B7714A","209"
"36","Z15","#CC791F","210"
"36","Z16","#76615D","211"
"36","Z17","#8C614C","212"
"36","Z18","#9D5B3E","213"
"36","Z21","#943630","214"
"36","Z22","#753B32","215"
"36","Z23","#5A2121","216"
"37","A01","#FFFFFF","1"
"37","A02","#FDFBFF","2"
"37","A03","#FFFDF0","3"
"37","A04","#FFF5ED","4"
"37","A05","#F6EFE2","5"
"37","A06","#F5EED4","6"
"37","A07","#F1EDED","7"
"37","A08","#E5E3DB","8"
"37","A09","#E6D6DA","9"
"37","A10","#DCD1D2","10"
"37","A11","#FFFBE1","11"
"37","A12","#CACAD4","12"
"37","B01","#CECDD5","13"
"37","B02","#CED7D3","14"
"37","B03","#B6B1BA","15"
"37","B04","#98A6A8","16"
"37","B05","#89858C","17"
"37","B06","#48464E","18"
"37","B07","#2F2B2F","19"
"37","B08","#1D1414","20"
"37","B09","#000000","21"
"37","B10","#949FA3","22"
"37","B11","#9A9D94","23"
"37","C01","#FC3F5B","24"
"37","C02","#FC3E46","25"
"37","C03","#F74941","26"
"37","C04","#F24D44","27"
"37","C05","#F74129","28"
"37","C06","#FC283C","29"
"37","C07","#E7002F","30"
"37","C08","#D30022","31"
"37","C09","#BC0029","32"
"37","C10","#981837","33"
"37","D01","#FEC983","34"
"37","D02","#FEBE7D","35"
"37","D03","#F8B123","36"
"37","D04","#FAA43A","37"
"37","D05","#FD992C","38"
"37","D06","#F58133","39"
"37","D07","#EE702D","40"
"37","D08","#F45519","41"
"37","E01","#F8F9D7","42"
"37","E02","#F9F0B2","43"
"37","E03","#FFFF9F","44"
"37","E04","#FFF34D","45"
"37","E05","#FFE772","46"
"37","E06","#FFE36E","47"
"37","E07","#FFD52A","48"
"37","E08","#E2B025","49"
"37","E09","#FFD568","50"
"37","E10","#FFE395","51"
"37","E11","#F4F57D","52"
"37","E12","#E6C9B7","53"
"37","E13","#F7F8A2","54"
"37","E14","#FFD67D","55"
"37","E15","#FFC830","56"
"37","F01","#EEFCA5","57"
"37","F02","#CAFD7B","58"
"37","F03","#C5ED9B","59"
"37","F04","#AAEE93","60"
"37","F05","#E5EE30","61"
"37","F06","#D7F147","62"
"37","F07","#D1DF3D","63"
"37","F08","#AEE02C","64"
"37","F09","#5EE035","65"
"37","F10","#5CC840","66"
"37","F11","#1B9C4F","67"
"37","F12","#156F41","68"
"37","F13","#9BB13A","69"
"37","F14","#5D722B","70"
"37","F15","#2E5132","71"
"37","F16","#27523A","72"
"37","F17","#303A21","73"
"37","F18","#4E846D","74"
"37","F19","#8D7A35","75"
"37","F20","#CCE1AF","76"
"37","F21","#9EE5B9","77"
"37","F22","#C5E254","78"
"37","F23","#E2FCB1","79"
"37","F24","#B0E792","80"
"37","F25","#9CAB5A","81"
"37","G01","#E8FFE7","82"
"37","G02","#D3EACD","83"
"37","G03","#A6DDD4","84"
"37","G04","#17F3D2","85"
"37","G05","#33BFB0","86"
"37","G06","#25B88C","87"
"37","G07","#156A6B","88"
"37","G08","#0B3C43","89"
"37","GB1","#DAABB3","90"
"37","GB2","#D6AA87","91"
"37","GB3","#C1BD8D","92"
"37","GB4","#96B69F","93"
"37","GB5","#849DC6","94"
"37","GB6","#94BFE2","95"
"37","GB7","#E2A9D2","96"
"37","GB8","#AB91C0","97"
"37","H01","#D3EAFF","98"
"37","H02","#E3F2EF","99"
"37","H03","#C0F9FC","100"
"37","H04","#C1ECFC","101"
"37","H05","#75D7FF","102"
"37","H06","#BEDDFF","103"
"37","H07","#27CDED","104"
"37","H08","#7CBCF3","105"
"37","H09","#3FBCE2","106"
"37","H10","#29DDDE","107"
"37","H11","#24D1D5","108"
"37","H12","#1887A2","109"
"37","H13","#3677D2","110"
"37","H14","#0E54C0","111"
"37","H15","#2F54AF","112"
"37","H16","#2F46C0","113"
"37","H17","#176DAF","114"
"37","H18","#1557A7","115"
"37","H19","#0FD1E8","116"
"37","H20","#365386","117"
"37","H21","#333A95","118"
"37","H22","#2F1F90","119"
"37","H23","#1C334D","120"
"37","H24","#1D3344","121"
"37","H25","#67B4BE","122"
"37","H26","#C8E2FF","123"
"37","H27","#7CC4FF","124"
"37","H28","#A9E5E5","125"
"37","H29","#3CAED8","126"
"37","H30","#D3DFFA","127"
"37","H31","#BBCFED","128"
"37","H32","#34488E","129"
"37","J01","#E3E1EE","130"
"37","J02","#EBDAFC","131"
"37","J03","#E1D3FF","132"
"37","J04","#D5B9F8","133"
"37","J05","#C4D3F6","134"
"37","J06","#B9BAE1","135"
"37","J07","#AEB4F2","136"
"37","J08","#858EDD","137"
"37","J09","#D0B7CF","138"
"37","J10","#DE9AD4","139"
"37","J11","#AC7BDE","140"
"37","J12","#B743C5","141"
"37","J13","#A35EC7","142"
"37","J14","#B90095","143"
"37","J15","#8854B3","144"
"37","J16","#8B279B","145"
"37","J17","#9C32B2","146"
"37","J18","#9A019B","147"
"37","J19","#361B51","148"
"37","J20","#7786E5","149"
"37","J21","#494FC7","150"
"37","J22","#DFC2F8","151"
"37","K01","#FFF3EB","152"
"37","K02","#FCDDD2","153"
"37","K03","#FBD3CB","154"
"37","K04","#F8C7C9","155"
"37","K05","#FECCB1","156"
"37","K06","#FEC2A6","157"
"37","K07","#FD9F93","158"
"37","K08","#FD957B","159"
"37","K09","#FE9F72","160"
"37","K10","#FD7C72","161"
"37","K11","#FFE2EA","162"
"37","K12","#FED4DD","163"
"37","K13","#FFC7DB","164"
"37","K14","#FEBAD5","165"
"37","K15","#FFBFDF","166"
"37","K16","#F78FC3","167"
"37","K17","#FD86AC","168"
"37","K18","#E970CC","169"
"37","K19","#F551A2","170"
"37","K20","#E2677A","171"
"37","K21","#E8649E","172"
"37","K22","#F0356A","173"
"37","K23","#CD2C87","174"
"37","K24","#B5006D","175"
"37","K25","#C53378","176"
"37","K26","#D8C7D1","177"
"37","K27","#BD9DA1","178"
"37","K28","#B785A1","179"
"37","K29","#937A8D","180"
"37","K30","#E1BCE8","181"
"37","K31","#E69C79","182"
"37","K32","#D37C46","183"
"37","K33","#C1444A","184"
"37","K34","#CD9391","185"
"37","K35","#F7B4C6","186"
"37","K36","#FDC0D0","187"
"37","K37","#F67E66","188"
"37","K38","#E698AA","189"
"37","K39","#E54B4F","190"
"37","L1","#D50E21","191"
"37","L2","#F93082","192"
"37","L3","#FD8225","193"
"37","L4","#F8EC31","194"
"37","L5","#35C75C","195"
"37","L6","#25B891","196"
"37","L7","#1A779D","197"
"37","L8","#1A60C2","198"
"37","L9","#9A56B4","199"
"37","L10","#FFDB4B","200"
"37","L11","#FFEBFA","201"
"37","L12","#D7D5CE","202"
"37","L13","#45423F","203"
"37","M01","#FCF7F8","204"
"37","M02","#B0A9AC","205"
"37","M03","#AFDCAB","206"
"37","M04","#FEA49F","207"
"37","M05","#EE8C3E","208"
"37","M06","#5FCFA8","209"
"37","M07","#EC9270","210"
"37","M08","#F0D957","211"
"37","M09","#D9D9D9","212"
"37","M10","#D9C7EA","213"
"37","M11","#F3ECC9","214"
"37","M12","#E5EEF1","215"
"37","M13","#A9CBEF","216"
"37","M14","#3375B0","217"
"37","M15","#668575","218"
"37","M16","#FEBF45","219"
"37","M17","#FEA324","220"
"37","M18","#FFB89F","221"
"37","M19","#FFE0E9","222"
"37","M20","#FEBECF","223"
"37","M21","#ECBEBF","224"
"37","M22","#E4A79F","225"
"37","M23","#A56268","226"
"37","N01","#FD6FB4","227"
"37","N02","#FEB481","228"
"37","N03","#D7FAA0","229"
"37","N04","#8BDBFA","230"
"37","N05","#E987EA","231"
"37","S1","#9FE4DF","232"
"37","S2","#77CEE9","233"
"37","S3","#3ECFCA","234"
"37","S4","#4A867A","235"
"37","S5","#7FCD9D","236"
"37","S6","#CDE55D","237"
"37","S7","#E8C7B4","238"
"37","S8","#AD6F3C","239"
"37","S9","#6C372F","240"
"37","S10","#FEB872","241"
"37","S11","#F3C1C0","242"
"37","S12","#C9675E","243"
"37","S13","#D293BE","244"
"37","S14","#EA8CB1","245"
"37","S15","#9C87D6","246"
"37","Y01","#BCC6B8","247"
"37","Y02","#8AA385","248"
"37","Y03","#697D7F","249"
"37","Y04","#E3D2BB","250"
"37","Y05","#D0CCA9","251"
"37","Y06","#B6AE8B","252"
"37","Y07","#A69383","253"
"37","Y08","#B38281","254"
"37","Y09","#A58767","255"
"37","Y10","#C5B2BB","256"
"37","Y11","#9F7594","257"
"37","Y12","#69494B","258"
"37","Y13","#DF8F70","259"
"37","Y14","#C77362","260"
"37","Y15","#747D7B","261"
"37","Z01","#FFE4CC","262"
"37","Z02","#FFE2CD","263"
"37","Z03","#F9E9CB","264"
"37","Z04","#F2D9BA","265"
"37","Z05","#FEBA99","266"
"37","Z06","#F4C3A5","267"
"37","Z07","#DFC38D","268"
"37","Z08","#E1B382","269"
"37","Z09","#E3AB72","270"
"37","Z10","#F09668","271"
"37","Z11","#F07347","272"
"37","Z12","#E07935","273"
"37","Z13","#BF8D55","274"
"37","Z14","#B7714A","275"
"37","Z15","#CC791F","276"
"37","Z16","#76615D","277"
"37","Z17","#8C614C","278"
"37","Z18","#9D5B3E","279"
"37","Z19","#A94023","280"
"37","Z20","#8A4526","281"
"37","Z21","#943630","282"
"37","Z22","#753B32","283"
"37","Z23","#5A2121","284"
"38","A1","#FF9280","1"
"38","A2","#F73D48","2"
"38","A3","#EF4D3E","3"
"38","A4","#F92B40","4"
"38","A5","#F36328","5"
"38","A6","#911932","6"
"38","A7","#FCC1DD","7"
"38","A10","#F893BF","8"
"38","A11","#EC4072","9"
"38","A12","#C63674","10"
"38","A13","#FDDBE9","11"
"38","A14","#E575C7","12"
"38","A15","#E0677A","13"
"38","A16","#D33997","14"
"38","A17","#BB0126","15"
"38","A18","#FDA276","16"
"38","A19","#F7DAD4","17"
"38","A21","#B5026A","18"
"38","A22","#F8516D","19"
"38","A23","#F5C9CA","20"
"38","A24","#F45C45","21"
"38","A25","#FCADB2","22"
"38","B1","#FCFED6","23"
"38","B2","#FCFF92","24"
"38","B3","#F7EC5C","25"
"38","B4","#F0D83A","26"
"38","B5","#FDA951","27"
"38","B6","#FA8C4F","28"
"38","B7","#E7B34E","29"
"38","B8","#F3A014","30"
"38","B9","#DA8C42","31"
"38","B10","#FDD94D","32"
"38","B11","#F99C5F","33"
"38","B12","#F47E36","34"
"38","B13","#FEC667","35"
"38","B14","#F85842","36"
"38","B15","#FBF65E","37"
"38","C1","#DFF139","38"
"38","C2","#64F343","39"
"38","C3","#5FDF34","40"
"38","C4","#39E158","41"
"38","C5","#1D9E54","42"
"38","C6","#2A5037","43"
"38","C7","#9FF685","44"
"38","C8","#FFFEE4","45"
"38","C9","#64E0A4","46"
"38","C10","#3FAE7C","47"
"38","C11","#9AD1BA","48"
"38","C12","#627032","49"
"38","C13","#1A6E3D","50"
"38","C14","#C8E87D","51"
"38","C15","#ACE84C","52"
"38","C16","#305335","53"
"38","C17","#C0ED9C","54"
"38","C18","#9EB33E","55"
"38","C19","#E6ED4F","56"
"38","D1","#ABF8FE","57"
"38","D2","#9EE0F8","58"
"38","D3","#44CDFB","59"
"38","D4","#54A7E9","60"
"38","D5","#ACB7EF","61"
"38","D6","#868DD3","62"
"38","D7","#06ABE3","63"
"38","D8","#3977CC","64"
"38","D9","#0F52BD","65"
"38","D10","#3653AF","66"
"38","D11","#162C7E","67"
"38","D12","#8758A9","68"
"38","D13","#B34EC6","69"
"38","D14","#B37BDC","70"
"38","D15","#301A49","71"
"38","D16","#E3D2FE","72"
"38","D17","#D6BAF5","73"
"38","D18","#2F1E8E","74"
"38","D19","#BCBAE2","75"
"38","D20","#DC99CE","76"
"38","D21","#B5038F","77"
"38","D22","#882893","78"
"38","D23","#E2E4F0","79"
"38","D24","#C7D3F9","80"
"38","D25","#3DBBE3","81"
"38","D26","#CDE7FE","82"
"38","D27","#9A64B8","83"
"38","D28","#1E334E","84"
"38","D29","#21C5C4","85"
"38","D30","#D6FDFC","86"
"38","D31","#1858A2","87"
"38","D32","#02D1F3","88"
"38","D33","#D8C2D9","89"
"38","D34","#9C34AD","90"
"38","D35","#940595","91"
"38","D36","#213244","92"
"38","DH1","#383995","93"
"38","DH2","#176268","94"
"38","DH3","#DD7D41","95"
"38","DH4","#98A6A6","96"
"38","DH5","#FFE4D6","97"
"38","DH6","#188690","98"
"38","DH7","#0A4241","99"
"38","DH8","#D50527","100"
"38","DH9","#1A70A9","101"
"38","DH10","#CAEDCF","102"
"38","DH11","#1B1213","103"
"38","DH12","#343B1A","104"
"38","DH13","#A5452F","105"
"38","DH14","#BEDDFC","106"
"38","DH15","#26B78E","107"
"38","E1","#F6D4CB","108"
"38","E2","#FAF5CD","109"
"38","E3","#FFE4D3","110"
"38","E4","#FCC6AC","111"
"38","E5","#F1C4A5","112"
"38","E6","#DCB387","113"
"38","E7","#98503A","114"
"38","E8","#713D2F","115"
"38","E9","#913635","116"
"38","E10","#E4B685","117"
"38","E11","#FEDB99","118"
"38","E12","#DAC898","119"
"38","E13","#FEC993","120"
"38","E14","#8B684C","121"
"38","E15","#874628","122"
"38","E16","#592323","123"
"38","E17","#B2714B","124"
"38","E18","#FDF6EE","125"
"38","E19","#F6F8E3","126"
"38","E20","#F2D8C1","127"
"38","E21","#FAD4BF","128"
"38","E22","#79544E","129"
"38","E23","#F4EFD1","130"
"38","F1","#FBFBFB","131"
"38","F2","#FFFFFF","132"
"38","F3","#B4B4B4","133"
"38","F4","#878787","134"
"38","F5","#464648","135"
"38","F6","#2C2C2C","136"
"38","F7","#010101","137"
"38","F8","#E7D6DC","138"
"38","F9","#ECEAEB","139"
"38","F10","#EFEDEE","140"
"38","F11","#CDCDCD","141"
"38","F12","#CED7D4","142"
"38","G2","#CACADA","143"
"38","G3","#F3F6A9","144"
"38","G4","#FFD785","145"
"38","G5","#FEC832","146"
"38","G6","#E3FBB1","147"
"38","G7","#B2E694","148"
"38","G8","#DEBEE5","149"
"38","G9","#E09DAF","150"
"38","G10","#E84854","151"
"38","G11","#9B9C94","152"
"38","G12","#F8FBE6","153"
"38","G13","#BDCEED","154"
"38","G14","#BDCEE8","155"
"38","G15","#364A89","156"
"38","IC1","#FCFFF8","157"
"38","IC2","#FBF4EC","158"
"38","IC3","#6BB1BB","159"
"38","IC4","#FEFF97","160"
"38","IC5","#E8FAA6","161"
"38","IC6","#F0EEEF","162"
"38","IC7","#F7E3EC","163"
"38","IC8","#FADBF8","164"
"38","IC9","#FDE173","165"
"38","IC10","#F8C0A9","166"
"38","IC11","#F2EEE5","167"
"38","IC12","#F6BBD1","168"
"38","IC13","#FBCBDB","169"
"38","IC14","#FCBF80","170"
"38","IC15","#FD7E77","171"
"38","N5","#3349C3","172"
"38","Q2","#C09DA4","173"
"38","Q3","#937D8A","174"
"38","Q4","#B58B9F","175"
"38","Q05","#BE454A","176"
"38","Q6","#F9D66E","177"
"38","Q7","#907C35","178"
"38","Q8","#B38561","179"
"38","Q9","#E89B7D","180"
"38","Q10","#D07E4A","181"
"38","Q11","#C8E2F9","182"
"38","Q12","#96A09F","183"
"38","Q13","#D7C6CE","184"
"38","Q14","#768AE1","185"
"38","Q15","#4950C2","186"
"38","R01","#D6C6EB","187"
"38","R02","#F7C3D0","188"
"38","R03","#F2BBC6","189"
"38","R04","#C69495","190"
"38","R05","#EC806D","191"
"38","R06","#EDF878","192"
"38","R07","#FAE393","193"
"38","R08","#E1C9BD","194"
"38","R09","#C6DF5F","195"
"38","R10","#D0E0AF","196"
"38","R11","#9EE5BB","197"
"38","R12","#42ADD1","198"
"38","R13","#7EC5F9","199"
"38","R14","#A9E8E0","200"
"38","R15","#D0DEEF","201"
"38","YX1","#B0AA86","202"
"38","YX2","#697E80","203"
"38","YX3","#C37463","204"
"38","YX4","#9D7693","205"
"38","YX5","#644B51","206"
"38","YX6","#D0CBAE","207"
"38","YX7","#747D7A","208"
"38","YX8","#C79266","209"
"38","YX9","#C6B2BB","210"
"38","YX10","#A88764","211"
"38","YX11","#BBC6B6","212"
"38","YX12","#909994","213"
"38","YX13","#B0A796","214"
"38","YX14","#AE8082","215"
"38","YX15","#E0D4BC","216"
"39","A1","#FAF5CD","1"
"39","A2","#FCFED6","2"
"39","A3","#FCFF92","3"
"39","A4","#F7EC5C","4"
"39","A5","#F0D83A","5"
"39","A6","#FDA951","6"
"39","A7","#FA8C4F","7"
"39","A8","#FDD94D","8"
"39","A9","#F99C5F","9"
"39","A10","#F47E36","10"
"39","A11","#FEDB99","11"
"39","A12","#FDA276","12"
"39","A13","#FEC667","13"
"39","A14","#F85842","14"
"39","A15","#FBF65E","15"
"39","A16","#FEFF97","16"
"39","A17","#FDE173","17"
"39","A18","#FCBF80","18"
"39","A19","#FD7E77","19"
"39","A20","#F9D66E","20"
"39","A21","#FAE393","21"
"39","A22","#EDF878","22"
"39","A23","#E1C9BD","23"
"39","A24","#F3F6A9","24"
"39","A25","#FFD785","25"
"39","A26","#FEC832","26"
"39","B1","#DFF139","27"
"39","B2","#64F343","28"
"39","B3","#9FF685","29"
"39","B4","#5FDF34","30"
"39","B5","#39E158","31"
"39","B6","#64E0A4","32"
"39","B7","#3FAE7C","33"
"39","B8","#1D9E54","34"
"39","B9","#2A5037","35"
"39","B10","#9AD1BA","36"
"39","B11","#627032","37"
"39","B12","#1A6E3D","38"
"39","B13","#C8E87D","39"
"39","B14","#ACE84C","40"
"39","B15","#305335","41"
"39","B16","#C0ED9C","42"
"39","B17","#9EB33E","43"
"39","B18","#E6ED4F","44"
"39","B19","#26B78E","45"
"39","B20","#CAEDCF","46"
"39","B21","#176268","47"
"39","B22","#0A4241","48"
"39","B23","#343B1A","49"
"39","B24","#E8FAA6","50"
"39","B25","#4E846D","51"
"39","B26","#907C35","52"
"39","B27","#D0E0AF","53"
"39","B28","#9EE5BB","54"
"39","B29","#C6DF5F","55"
"39","B30","#E3FBB1","56"
"39","B31","#B2E694","57"
"39","B32","#92AD60","58"
"39","C1","#FFFEE4","59"
"39","C2","#ABF8FE","60"
"39","C3","#9EE0F8","61"
"39","C4","#44CDFB","62"
"39","C5","#06ABE3","63"
"39","C6","#54A7E9","64"
"39","C7","#3977CC","65"
"39","C8","#0F52BD","66"
"39","C9","#3349C3","67"
"39","C10","#3DBBE3","68"
"39","C11","#2ADED3","69"
"39","C12","#1E334E","70"
"39","C13","#CDE7FE","71"
"39","C14","#D6FDFC","72"
"39","C15","#21C5C4","73"
"39","C16","#1858A2","74"
"39","C17","#02D1F3","75"
"39","C18","#213244","76"
"39","C19","#188690","77"
"39","C20","#1A70A9","78"
"39","C21","#BEDDFC","79"
"39","C22","#6BB1BB","80"
"39","C23","#C8E2F9","81"
"39","C24","#7EC5F9","82"
"39","C25","#A9E8E0","83"
"39","C26","#42ADD1","84"
"39","C27","#D0DEEF","85"
"39","C28","#BDCEED","86"
"39","C29","#364A89","87"
"39","D1","#ACB7EF","88"
"39","D2","#868DD3","89"
"39","D3","#3653AF","90"
"39","D4","#162C7E","91"
"39","D5","#B34EC6","92"
"39","D6","#B37BDC","93"
"39","D7","#8758A9","94"
"39","D8","#E3D2FE","95"
"39","D9","#D6BAF5","96"
"39","D10","#301A49","97"
"39","D11","#BCBAE2","98"
"39","D12","#DC99CE","99"
"39","D13","#B5038F","100"
"39","D14","#882893","101"
"39","D15","#2F1E8E","102"
"39","D16","#E2E4F0","103"
"39","D17","#C7D3F9","104"
"39","D18","#9A64B8","105"
"39","D19","#D8C2D9","106"
"39","D20","#9C34AD","107"
"39","D21","#940595","108"
"39","D22","#383995","109"
"39","D23","#FADBF8","110"
"39","D24","#768AE1","111"
"39","D25","#4950C2","112"
"39","D26","#D6C6EB","113"
"39","E1","#F6D4CB","114"
"39","E2","#FCC1DD","115"
"39","E3","#F6BDE8","116"
"39","E4","#E9639E","117"
"39","E5","#F1559F","118"
"39","E6","#EC4072","119"
"39","E7","#C63674","120"
"39","E8","#FDDBE9","121"
"39","E9","#E575C7","122"
"39","E10","#D33997","123"
"39","E11","#F7DAD4","124"
"39","E12","#F893BF","125"
"39","E13","#B5026A","126"
"39","E14","#FAD4BF","127"
"39","E15","#F5C9CA","128"
"39","E16","#FBF4EC","129"
"39","E17","#F7E3EC","130"
"39","E18","#FBCBDB","131"
"39","E19","#F6BBD1","132"
"39","E20","#D7C6CE","133"
"39","E21","#C09DA4","134"
"39","E22","#B58B9F","135"
"39","E23","#937D8A","136"
"39","E24","#DEBEE5","137"
"39","F1","#FF9280","138"
"39","F2","#F73D48","139"
"39","F3","#EF4D3E","140"
"39","F4","#F92B40","141"
"39","F5","#E30328","142"
"39","F6","#913635","143"
"39","F7","#911932","144"
"39","F8","#BB0126","145"
"39","F9","#E0677A","146"
"39","F10","#874628","147"
"39","F11","#592323","148"
"39","F12","#F8516D","149"
"39","F13","#F45C45","150"
"39","F14","#FCADB2","151"
"39","F15","#D50527","152"
"39","F16","#F8C0A9","153"
"39","F17","#E89B7D","154"
"39","F18","#D07E4A","155"
"39","F19","#BE454A","156"
"39","F20","#C69495","157"
"39","F21","#F2BBC6","158"
"39","F22","#F7C3D0","159"
"39","F23","#EC806D","160"
"39","F24","#E09DAF","161"
"39","F25","#E84854","162"
"39","G1","#FFE4D3","163"
"39","G2","#FCC6AC","164"
"39","G3","#F1C4A5","165"
"39","G4","#DCB387","166"
"39","G5","#E7B34E","167"
"39","G6","#F3A014","168"
"39","G7","#98503A","169"
"39","G8","#713D2F","170"
"39","G9","#E4B685","171"
"39","G10","#DA8C42","172"
"39","G11","#DAC898","173"
"39","G12","#FEC993","174"
"39","G13","#B2714B","175"
"39","G14","#8B684C","176"
"39","G15","#F6F8E3","177"
"39","G16","#F2D8C1","178"
"39","G17","#79544E","179"
"39","G18","#FFE4D6","180"
"39","G19","#DD7D41","181"
"39","G20","#A5452F","182"
"39","G21","#B38561","183"
"39","H1","#FBFBFB","184"
"39","H2","#FFFFFF","185"
"39","H3","#B4B4B4","186"
"39","H4","#878787","187"
"39","H5","#464648","188"
"39","H6","#2C2C2C","189"
"39","H7","#010101","190"
"39","H8","#E7D6DC","191"
"39","H9","#EFEDEE","192"
"39","H10","#ECEAEB","193"
"39","H11","#CDCDCD","194"
"39","H12","#FDF6EE","195"
"39","H13","#F4EFD1","196"
"39","H14","#CED7D4","197"
"39","H15","#98A6A6","198"
"39","H16","#1B1213","199"
"39","H17","#F0EEEF","200"
"39","H18","#FCFFF8","201"
"39","H19","#F2EEE5","202"
"39","H20","#96A09F","203"
"39","H21","#F8FBE6","204"
"39","H22","#CACADA","205"
"39","H23","#9B9C94","206"
"39","M1","#BBC6B6","207"
"39","M2","#909994","208"
"39","M3","#697E80","209"
"39","M4","#E0D4BC","210"
"39","M5","#D0CBAE","211"
"39","M6","#B0AA86","212"
"39","M7","#B0A796","213"
"39","M8","#AE8082","214"
"39","M9","#A88764","215"
"39","M10","#C6B2BB","216"
"39","M11","#9D7693","217"
"39","M12","#644B51","218"
"39","M13","#C79266","219"
"39","M14","#C37463","220"
"39","M15","#747D7A","221"
"39","P1","#F9F9F9","222"
"39","P2","#ABABAB","223"
"39","P3","#B6DBAF","224"
"39","P4","#FEA2A3","225"
"39","P5","#EB903F","226"
"39","P6","#63CEA2","227"
"39","P7","#E79273","228"
"39","P8","#ECDB59","229"
"39","P9","#DBD9DA","230"
"39","P10","#DBC7EA","231"
"39","P11","#F1E9D4","232"
"39","P12","#E9EDEE","233"
"39","P13","#ADCBF1","234"
"39","P14","#337BAD","235"
"39","P15","#EEE2E8","236"
"39","P16","#FDC24E","237"
"39","P17","#FDA42E","238"
"39","P18","#FEBDA7","239"
"39","P19","#FFDEE9","240"
"39","P20","#FCBFD1","241"
"39","P21","#E8BEC2","242"
"39","P22","#DFAAA4","243"
"39","P23","#A3656A","244"
"39","R1","#D40E1F","245"
"39","R2","#F13484","246"
"39","R3","#FB852B","247"
"39","R4","#F8ED33","248"
"39","R5","#32C958","249"
"39","R6","#1EBA93","250"
"39","R7","#1D779C","251"
"39","R8","#1960C8","252"
"39","R9","#945AB1","253"
"39","R10","#F8DA54","254"
"39","R11","#FCECF7","255"
"39","R12","#D8D4D3","256"
"39","R13","#56534E","257"
"39","R14","#A3E7DC","258"
"39","R15","#78CEE7","259"
"39","R16","#3FCDCE","260"
"39","R17","#4E8379","261"
"39","R18","#7DCA9C","262"
"39","R19","#C8E664","263"
"39","R20","#E3CCBA","264"
"39","R21","#A17140","265"
"39","R22","#6B372C","266"
"39","R23","#F6BB6F","267"
"39","R24","#F3C6C0","268"
"39","R25","#C76A62","269"
"39","R26","#D093BC","270"
"39","R27","#E58EAE","271"
"39","R28","#9F85CF","272"
"39","T1","#FCFDFF","273"
"39","Y1","#FF6FB7","274"
"39","Y2","#FDB583","275"
"39","Y3","#D8FCA4","276"
"39","Y4","#91DAFB","277"
"39","Y5","#E987EA","278"
"39","Y6","#F7D4E8","279"
"39","Y7","#F1FA7D","280"
"39","Y8","#5EE88C","281"
"39","Y9","#F8F5FE","282"
"39","Z1","#DAABB3","283"
"39","Z2","#D6AA87","284"
"39","Z3","#C1BD8D","285"
"39","Z4","#96B69F","286"
"39","Z5","#849DC6","287"
"39","Z6","#94BFE2","288"
"39","Z7","#E2A9D2","289"
"39","Z8","#AB91C0","290"
"40","1","#FEFFFF","1"
"40","2","#FFFFD5","2"
"40","3","#FBED56","3"
"40","4","#FE8B4C","4"
"40","5","#E7002F","5"
"40","6","#E8649E","6"
"40","7","#8854B3","7"
"40","8","#2F54AF","8"
"40","9","#3677D2","9"
"40","10","#1C9C4F","10"
"40","11","#65E2A6","11"
"40","12","#753B32","12"
"40","13","#B6B1BA","13"
"40","14","#000000","14"
"40","15","#FDFBFF","15"
"40","16","#943630","16"
"40","17","#9D5B3E","17"
"40","18","#FDD3CC","18"
"40","19","#E1B383","19"
"40","20","#F13D74","20"
"40","25","#50AAF0","21"
"40","26","#9EF780","22"
"40","27","#AC7BDE","23"
"40","28","#FEFF8B","24"
"40","29","#FEAC4C","25"
"40","30","#A9F9FC","26"
"40","31","#FC3D46","27"
"40","32","#B843C5","28"
"40","33","#63F347","29"
"40","34","#01ACEB","30"
"40","35","#FD957B","31"
"40","36","#858EDD","32"
"40","38","#FEC0DF","33"
"40","39","#35E352","34"
"40","40","#F551A2","35"
"40","41","#C63478","36"
"40","42","#324BCA","37"
"40","43","#EDB045","38"
"40","44","#3DAF80","39"
"40","45","#48464E","40"
"40","46","#AEB4F2","41"
"40","47","#971937","42"
"40","48","#E6EE31","43"
"40","49","#FFC4AA","44"
"40","50","#E99C17","45"
"40","70","#2F2B2F","46"
"40","71","#0F54C0","47"
"40","72","#F74941","48"
"40","73","#FC283C","49"
"40","74","#FFB7E7","50"
"40","75","#A0E2FB","51"
"40","76","#E8FFE7","52"
"40","77","#FAF4C8","53"
"40","78","#5DE035","54"
"40","79","#F4D738","55"
"40","80","#182A84","56"
"40","81","#FFE2CE","57"
"40","82","#41CCFF","58"
"40","83","#89858C","59"
"40","84","#27523A","60"
"40","85","#F4C3A5","61"
"40","86","#E7D6DB","62"
"40","87","#EDEDED","63"
"40","88","#EEE9EA","64"
"40","89","#E2D3FF","65"
"40","90","#D5B9F8","66"
"40","91","#361B51","67"
"40","92","#BC0028","68"
"40","93","#E2677A","69"
"40","94","#D33793","70"
"40","95","#E970CC","71"
"40","96","#F77C31","72"
"40","97","#FF995B","73"
"40","98","#FFDA45","74"
"40","99","#5D722A","75"
"40","100","#95D3C2","76"
"40","101","#D98C39","77"
"40","102","#E6B483","78"
"40","103","#FFDBE9","79"
"40","104","#B9BAE1","80"
"40","105","#DE9AD4","81"
"40","106","#B90095","82"
"40","107","#8B279B","83"
"40","108","#2F1F90","84"
"40","109","#FFDD99","85"
"40","110","#FE9F72","86"
"40","111","#166F41","87"
"40","112","#F78FC3","88"
"40","113","#28DDDE","89"
"40","114","#B7714A","90"
"40","115","#8A4526","91"
"40","116","#FFC365","92"
"40","117","#ADE946","93"
"40","118","#E0C593","94"
"40","119","#CAEB7B","95"
"40","120","#1C334D","96"
"40","121","#CECDD5","97"
"40","122","#2E5132","98"
"40","123","#8D614C","99"
"40","124","#B5006D","100"
"40","125","#A45EC7","101"
"40","126","#E3E1EE","102"
"40","127","#FFC890","103"
"40","128","#C4D4F6","104"
"40","129","#5A2121","105"
"40","130","#3EBCE2","106"
"40","131","#FCDDD2","107"
"40","132","#22C4C6","108"
"40","133","#C5ED9C","109"
"40","134","#FD4E6A","110"
"40","135","#FD543D","111"
"40","136","#D5FDFF","112"
"40","137","#7B524B","113"
"40","138","#F2D9BA","114"
"40","139","#F8C7C9","115"
"40","140","#FFD1BA","116"
"40","141","#9BB13A","117"
"40","142","#CDE8FF","118"
"40","143","#FCF9E0","119"
"40","144","#FFF5ED","120"
"40","145","#CFD7D3","121"
"40","146","#F5ECD2","122"
"40","147","#E6EE49","123"
"40","148","#F35744","124"
"40","149","#1557A8","125"
"40","150","#FFF365","126"
"40","153","#D8C3D7","127"
"40","154","#FFA9AD","128"
"40","155","#9C32B2","129"
"40","156","#04D1F6","130"
"40","158","#9A009B","131"
"40","159","#D0CCAA","132"
"40","160","#D19066","133"
"40","161","#9F7594","134"
"40","162","#B38281","135"
"40","163","#757D7B","136"
"40","164","#C5B2BC","137"
"40","165","#C77362","138"
"40","166","#697D80","139"
"40","167","#E3D2BC","140"
"40","168","#BCC6B8","141"
"40","169","#B0A782","142"
"40","170","#A58767","143"
"40","171","#B4A497","144"
"40","172","#8AA386","145"
"40","173","#644749","146"
"40","174","#24B88C","147"
"40","175","#C2F0CC","148"
"40","191","#D30022","149"
"40","192","#303A21","150"
"40","193","#0B3C43","151"
"40","194","#156A6B","152"
"40","195","#E07935","153"
"40","196","#1D3344","154"
"40","197","#176DAF","155"
"40","198","#333A95","156"
"40","199","#A94023","157"
"40","200","#1D1414","158"
"40","201","#98A6A8","159"
"40","202","#1887A2","160"
"40","203","#FFE4CC","161"
"40","204","#FFFDF0","162"
"40","205","#FFE2EA","163"
"40","206","#FFF3EB","164"
"40","207","#EEFCA5","165"
"40","208","#FEBE7D","166"
"40","209","#F6EFE2","167"
"40","210","#FFC7DB","168"
"40","211","#FEC2A6","169"
"40","212","#BEDDFF","170"
"40","213","#FFE36E","171"
"40","214","#F1EDED","172"
"40","215","#FEBAD5","173"
"40","216","#FFFF9F","174"
"40","217","#EBDAFC","175"
"40","218","#FD7C72","176"
"40","234","#494FC7","177"
"40","235","#937A8D","178"
"40","236","#949FA3","179"
"40","237","#B785A1","180"
"40","238","#BD9DA1","181"
"40","239","#67B4BE","182"
"40","240","#4E846D","183"
"40","241","#D8C7D1","184"
"40","242","#FFD568","185"
"40","243","#C1444A","186"
"40","244","#7786E5","187"
"40","245","#E69C79","188"
"40","246","#D37C46","189"
"40","247","#B88558","190"
"40","248","#8D7A35","191"
"40","249","#F67E66","192"
"40","250","#3CAED8","193"
"40","251","#F7B4C6","194"
"40","252","#7CC4FF","195"
"40","253","#C5E254","196"
"40","254","#9EE5B9","197"
"40","255","#F4F57D","198"
"40","256","#A9E5E5","199"
"40","257","#FDC0D0","200"
"40","258","#DFC2F8","201"
"40","259","#E6C9B7","202"
"40","260","#CD9391","203"
"40","261","#FFE395","204"
"40","262","#CCE1AF","205"
"40","263","#C8E2FF","206"
"40","264","#D3DFFA","207"
"40","265","#BBCFED","208"
"40","266","#34488E","209"
"40","267","#E1BCE8","210"
"40","268","#E698AA","211"
"40","269","#E54B4F","212"
"40","270","#E2FCB1","213"
"40","271","#B0E792","214"
"40","272","#9CAB5A","215"
"40","273","#F7F8A2","216"
"40","274","#FFD67D","217"
"40","275","#FFC830","218"
"40","276","#FFFBE1","219"
"40","277","#CACAD4","220"
"40","278","#9A9D94","221"
"40","ZG1","#DAABB3","222"
"40","ZG2","#D6AA87","223"
"40","ZG3","#C1BD8D","224"
"40","ZG4","#96B69F","225"
"40","ZG5","#849DC6","226"
"40","ZG6","#94BFE2","227"
"40","ZG7","#E2A9D2","228"
"40","ZG8","#AB91C0","229"
"41","1","#FEFFFF","1"
"41","2","#FFFFD5","2"
"41","3","#FBED56","3"
"41","4","#FE8B4C","4"
"41","5","#E7002F","5"
"41","6","#E8649E","6"
"41","7","#8854B3","7"
"41","8","#2F54AF","8"
"41","9","#3677D2","9"
"41","10","#1C9C4F","10"
"41","11","#65E2A6","11"
"41","12","#753B32","12"
"41","13","#B6B1BA","13"
"41","14","#000000","14"
"41","15","#FDFBFF","15"
"41","16","#943630","16"
"41","17","#9D5B3E","17"
"41","18","#FDD3CC","18"
"41","19","#E1B383","19"
"41","20","#F13D74","20"
"41","21","#F8EC31","21"
"41","22","#FD8324","22"
"41","23","#35C75B","23"
"41","24","#F92F83","24"
"41","25","#50AAF0","25"
"41","26","#9EF780","26"
"41","27","#AC7BDE","27"
"41","28","#FEFF8B","28"
"41","29","#FEAC4C","29"
"41","30","#A9F9FC","30"
"41","31","#FC3D46","31"
"41","32","#B843C5","32"
"41","33","#63F347","33"
"41","34","#01ACEB","34"
"41","35","#FD957B","35"
"41","36","#858EDD","36"
"41","37","#19779D","37"
"41","38","#FEC0DF","38"
"41","39","#35E352","39"
"41","40","#F551A2","40"
"41","41","#C63478","41"
"41","42","#324BCA","42"
"41","43","#EDB045","43"
"41","44","#3DAF80","44"
"41","45","#48464E","45"
"41","46","#AEB4F2","46"
"41","47","#971937","47"
"41","48","#E6EE31","48"
"41","49","#FFC4AA","49"
"41","50","#E99C17","50"
"41","52","#D50D21","51"
"41","53","#FFDB4C","52"
"41","54","#1A60C3","53"
"41","55","#23B891","54"
"41","56","#9A56B4","55"
"41","57","#D7FAA0","56"
"41","58","#8BDBFA","57"
"41","59","#FD6FB4","58"
"41","60","#FEB481","59"
"41","61","#E987EA","60"
"41","62","#FCF7F8","61"
"41","63","#EE8C3E","62"
"41","64","#FEA49F","63"
"41","65","#5FD0A7","64"
"41","66","#AFDCAB","65"
"41","67","#F0D958","66"
"41","68","#EB9270","67"
"41","69","#B0A9AC","68"
"41","70","#2F2B2F","69"
"41","71","#0F54C0","70"
"41","72","#F74941","71"
"41","73","#FC283C","72"
"41","74","#FFB7E7","73"
"41","75","#A0E2FB","74"
"41","76","#E8FFE7","75"
"41","77","#FAF4C8","76"
"41","78","#5DE035","77"
"41","79","#F4D738","78"
"41","80","#182A84","79"
"41","81","#FFE2CE","80"
"41","82","#41CCFF","81"
"41","83","#89858C","82"
"41","84","#27523A","83"
"41","85","#F4C3A5","84"
"41","86","#E7D6DB","85"
"41","87","#EDEDED","86"
"41","88","#EEE9EA","87"
"41","89","#E2D3FF","88"
"41","90","#D5B9F8","89"
"41","91","#361B51","90"
"41","92","#BC0028","91"
"41","93","#E2677A","92"
"41","94","#D33793","93"
"41","95","#E970CC","94"
"41","96","#F77C31","95"
"41","97","#FF995B","96"
"41","98","#FFDA45","97"
"41","99","#5D722A","98"
"41","100","#95D3C2","99"
"41","101","#D98C39","100"
"41","102","#E6B483","101"
"41","103","#FFDBE9","102"
"41","104","#B9BAE1","103"
"41","105","#DE9AD4","104"
"41","106","#B90095","105"
"41","107","#8B279B","106"
"41","108","#2F1F90","107"
"41","109","#FFDD99","108"
"41","110","#FE9F72","109"
"41","111","#166F41","110"
"41","112","#F78FC3","111"
"41","113","#28DDDE","112"
"41","114","#B7714A","113"
"41","115","#8A4526","114"
"41","116","#FFC365","115"
"41","117","#ADE946","116"
"41","118","#E0C593","117"
"41","119","#CAEB7B","118"
"41","120","#1C334D","119"
"41","121","#CECDD5","120"
"41","122","#2E5132","121"
"41","123","#8D614C","122"
"41","124","#B5006D","123"
"41","125","#A45EC7","124"
"41","126","#E3E1EE","125"
"41","127","#FFC890","126"
"41","128","#C4D4F6","127"
"41","129","#5A2121","128"
"41","130","#3EBCE2","129"
"41","131","#FCDDD2","130"
"41","132","#22C4C6","131"
"41","133","#C5ED9C","132"
"41","134","#FD4E6A","133"
"41","135","#FD543D","134"
"41","136","#D5FDFF","135"
"41","137","#7B524B","136"
"41","138","#F2D9BA","137"
"41","139","#F8C7C9","138"
"41","140","#FFD1BA","139"
"41","141","#9BB13A","140"
"41","142","#CDE8FF","141"
"41","143","#FCF9E0","142"
"41","144","#FFF5ED","143"
"41","145","#CFD7D3","144"
"41","146","#F5ECD2","145"
"41","147","#E6EE49","146"
"41","148","#F35744","147"
"41","149","#1557A8","148"
"41","150","#FFF365","149"
"41","152","#55514C","150"
"41","153","#D8C3D7","151"
"41","154","#FFA9AD","152"
"41","155","#9C32B2","153"
"41","156","#04D1F6","154"
"41","157","#D8D5CE","155"
"41","158","#9A009B","156"
"41","159","#D0CCAA","157"
"41","160","#D19066","158"
"41","161","#9F7594","159"
"41","162","#B38281","160"
"41","163","#757D7B","161"
"41","164","#C5B2BC","162"
"41","165","#C77362","163"
"41","166","#697D80","164"
"41","167","#E3D2BC","165"
"41","168","#BCC6B8","166"
"41","169","#B0A782","167"
"41","170","#A58767","168"
"41","171","#B4A497","169"
"41","172","#8AA386","170"
"41","173","#644749","171"
"41","174","#24B88C","172"
"41","175","#C2F0CC","173"
"41","176","#AACBEF","174"
"41","177","#FEB89F","175"
"41","178","#D9D9D9","176"
"41","179","#FEA324","177"
"41","180","#FEBECF","178"
"41","181","#A56268","179"
"41","182","#FEBF45","180"
"41","183","#3376B0","181"
"41","184","#668575","182"
"41","185","#F3ECC9","183"
"41","186","#FFE0E9","184"
"41","187","#D9C7EA","185"
"41","188","#ECBEBF","186"
"41","189","#E4A89F","187"
"41","190","#E6EEF2","188"
"41","191","#D30022","189"
"41","192","#303A21","190"
"41","193","#0B3C43","191"
"41","194","#156A6B","192"
"41","195","#E07935","193"
"41","196","#1D3344","194"
"41","197","#176DAF","195"
"41","198","#333A95","196"
"41","199","#A94023","197"
"41","200","#1D1414","198"
"41","201","#98A6A8","199"
"41","202","#1887A2","200"
"41","203","#FFE4CC","201"
"41","204","#FFFDF0","202"
"41","205","#FFE2EA","203"
"41","206","#FFF3EB","204"
"41","207","#EEFCA5","205"
"41","208","#FEBE7D","206"
"41","209","#F6EFE2","207"
"41","210","#FFC7DB","208"
"41","211","#FEC2A6","209"
"41","212","#BEDDFF","210"
"41","213","#FFE36E","211"
"41","214","#F1EDED","212"
"41","215","#FEBAD5","213"
"41","216","#FFFF9F","214"
"41","217","#EBDAFC","215"
"41","218","#FD7C72","216"
"41","219","#FEB872","217"
"41","220","#C9675E","218"
"41","221","#AD6F3C","219"
"41","222","#7FCD9D","220"
"41","223","#9C87D6","221"
"41","224","#77CEE9","222"
"41","225","#3ECFCA","223"
"41","226","#6C372F","224"
"41","227","#CDE55D","225"
"41","228","#F3C1C0","226"
"41","229","#D293BE","227"
"41","230","#E8C7B4","228"
"41","231","#9FE4DF","229"
"41","232","#EA8CB1","230"
"41","233","#4A867A","231"
"41","234","#494FC7","232"
"41","235","#937A8D","233"
"41","236","#949FA3","234"
"41","237","#B785A1","235"
"41","238","#BD9DA1","236"
"41","239","#67B4BE","237"
"41","240","#4E846D","238"
"41","241","#D8C7D1","239"
"41","242","#FFD568","240"
"41","243","#C1444A","241"
"41","244","#7786E5","242"
"41","245","#E69C79","243"
"41","246","#D37C46","244"
"41","247","#B88558","245"
"41","248","#8D7A35","246"
"41","249","#F67E66","247"
"41","250","#3CAED8","248"
"41","251","#F7B4C6","249"
"41","252","#7CC4FF","250"
"41","253","#C5E254","251"
"41","254","#9EE5B9","252"
"41","255","#F4F57D","253"
"41","256","#A9E5E5","254"
"41","257","#FDC0D0","255"
"41","258","#DFC2F8","256"
"41","259","#E6C9B7","257"
"41","260","#CD9391","258"
"41","261","#FFE395","259"
"41","262","#CCE1AF","260"
"41","263","#C8E2FF","261"
"41","264","#D3DFFA","262"
"41","265","#BBCFED","263"
"41","266","#34488E","264"
"41","267","#E1BCE8","265"
"41","268","#E698AA","266"
"41","269","#E54B4F","267"
"41","270","#E2FCB1","268"
"41","271","#B0E792","269"
"41","272","#9CAB5A","270"
"41","273","#F7F8A2","271"
"41","274","#FFD67D","272"
"41","275","#FFC830","273"
"41","276","#FFFBE1","274"
"41","277","#CACAD4","275"
"41","278","#9A9D94","276"
"41","W1","#FFFF00","277"
"41","W2","#FFEBFA","278"
"41","W3","#F2A5E8","279"
"41","W4","#E9EC91","280"
"41","W5","#76CEDE","281"
"41","ZG1","#DAABB3","282"
"41","ZG2","#D6AA87","283"
"41","ZG3","#C1BD8D","284"
"41","ZG4","#96B69F","285"
"41","ZG5","#849DC6","286"
"41","ZG6","#94BFE2","287"
"41","ZG7","#E2A9D2","288"
"41","ZG8","#AB91C0","289"
"42","B1","#EFEEF2","1"
"42","B2","#FFFFFF","2"
"42","B3","#C4C4C4","3"
"42","B4","#B0B0B0","4"
"42","B5","#7E7E7E","5"
"42","B6","#565656","6"
"42","B7","#68697D","7"
"42","B8","#43484E","8"
"42","B9","#313131","9"
"42","B10","#1F1F1F","10"
"42","B11","#000000","11"
"42","B12","#BEC8D7","12"
"42","B13","#8A9BB1","13"
"42","B14","#7287AB","14"
"42","B15","#545980","15"
"42","B16","#3A3F55","16"
"42","B17","#23303F","17"
"42","B18","#36324D","18"
"42","B19","#D7C4F2","19"
"42","B20","#B6A4F7","20"
"42","B21","#6D4EBE","21"
"42","B22","#D5A3F2","22"
"42","B23","#4633A7","23"
"42","B24","#8955D6","24"
"42","B25","#34257F","25"
"42","B26","#13115C","26"
"42","B27","#1A1833","27"
"42","B28","#CBBCB6","28"
"42","B29","#CAADA7","29"
"42","B30","#956E6F","30"
"42","B31","#806760","31"
"42","B32","#745658","32"
"42","B33","#453236","33"
"42","B34","#503D34","34"
"42","B35","#4C4A38","35"
"42","B36","#FFE6F4","36"
"42","B37","#FFDCF2","37"
"42","B38","#FFC5E8","38"
"42","B39","#E4C1DB","39"
"42","B40","#E9C9CC","40"
"42","B41","#EEBDC9","41"
"42","B42","#E3A5AC","42"
"42","B43","#F3C1EE","43"
"42","B44","#FACAF0","44"
"42","B45","#FDA1E0","45"
"42","B46","#FEA0C3","46"
"42","B47","#FFB3CB","47"
"42","B48","#F5A6BC","48"
"42","B49","#EE597B","49"
"42","B50","#FB825F","50"
"42","B51","#F64D76","51"
"42","B52","#F453AE","52"
"42","B53","#FF6C6C","53"
"42","B54","#FF5956","54"
"42","B55","#E4354D","55"
"42","B56","#C63238","56"
"42","B57","#D1292A","57"
"42","B58","#902648","58"
"42","B59","#72284B","59"
"42","B60","#68212F","60"
"42","B61","#FEC5D9","61"
"42","B62","#F64751","62"
"42","B63","#EC1B25","63"
"42","B64","#FADBBE","64"
"42","B65","#F6D4BA","65"
"42","B66","#F9B1A3","66"
"42","B67","#FEA972","67"
"42","B68","#FB9155","68"
"42","B69","#FB7A4F","69"
"42","B70","#FF8875","70"
"42","B71","#F15D4D","71"
"42","B72","#F45348","72"
"42","B73","#D05A46","73"
"42","B74","#B13D34","74"
"42","B75","#76382D","75"
"42","B76","#F7B5EF","76"
"42","B77","#FD9CEF","77"
"42","B78","#F170D6","78"
"42","B79","#DD39A4","79"
"42","B80","#EA2CAD","80"
"42","B81","#EE319B","81"
"42","B82","#C41F79","82"
"42","B83","#A02567","83"
"42","B84","#B51A72","84"
"42","B85","#661B53","85"
"42","B86","#F7E589","86"
"42","B87","#F5D66C","87"
"42","B88","#FFE550","88"
"42","B89","#FFE167","89"
"42","B90","#FEE25C","90"
"42","B91","#FEEF57","91"
"42","B92","#DA8E3D","92"
"42","B93","#D2803A","93"
"42","B94","#9E6042","94"
"42","B95","#57342C","95"
"42","B96","#49342E","96"
"42","B97","#845543","97"
"42","B98","#BE67C4","98"
"42","B99","#B158C2","99"
"42","B100","#903B8E","100"
"42","B101","#6C1C71","101"
"42","B102","#5B195E","102"
"42","B103","#3E1955","103"
"42","B104","#231B4F","104"
"42","B105","#D8EDA1","105"
"42","B106","#E3E786","106"
"42","B107","#E6EF7A","107"
"42","B108","#E5E5E5","108"
"42","B109","#8EA427","109"
"42","B110","#CCD856","110"
"42","B111","#ADB139","111"
"42","B112","#8B8B40","112"
"42","B113","#6E6825","113"
"42","B114","#47492E","114"
"42","B115","#C7E791","115"
"42","B116","#CDFE86","116"
"42","B117","#8FE160","117"
"42","B118","#6EBA4C","118"
"42","B119","#4E7A2D","119"
"42","B120","#416725","120"
"42","B121","#3A492A","121"
"42","B122","#9BBF54","122"
"42","B123","#CBF5D9","123"
"42","B124","#B0F5BC","124"
"42","B125","#93F2B6","125"
"42","B126","#50C554","126"
"42","B127","#24A84B","127"
"42","B128","#29933F","128"
"42","B129","#12473C","129"
"42","B130","#FF75A8","130"
"42","B131","#2F7030","131"
"42","B132","#315B45","132"
"42","B133","#174834","133"
"42","B134","#61DEC7","134"
"42","B135","#A4F0E2","135"
"42","B136","#43C8AC","136"
"42","B137","#0EBFA6","137"
"42","B138","#038765","138"
"42","B139","#036A4D","139"
"42","B140","#40482F","140"
"42","B141","#0397A4","141"
"42","B142","#B6F6ED","142"
"42","B143","#A5FAFF","143"
"42","B144","#6CF0EC","144"
"42","B145","#64DEDB","145"
"42","B146","#35DEAD","146"
"42","B147","#117474","147"
"42","B148","#254D57","148"
"42","B149","#C8F99D","149"
"42","B150","#DCEA92","150"
"42","B151","#A6DDFC","151"
"42","B152","#8CCFF3","152"
"42","B153","#4CC1F1","153"
"42","B154","#13ACEC","154"
"42","B155","#0476C1","155"
"42","B156","#0449A0","156"
"42","B157","#043697","157"
"42","B158","#0D225F","158"
"42","B159","#142544","159"
"42","B160","#B6EDFE","160"
"42","B161","#84E7F9","161"
"42","B162","#F9F57C","162"
"42","B163","#FDE952","163"
"42","B164","#FEB435","164"
"42","B165","#FF9E4B","165"
"42","B166","#FFAE92","166"
"42","B167","#F757CB","167"
"42","B168","#156D4D","168"
"42","B169","#59DF71","169"
"42","B170","#482E28","170"
"42","B171","#FFF4AD","171"
"42","B172","#FFC4AE","172"
"42","B173","#FAE2EA","173"
"42","B173+","#FAE2EC","174"
"42","B174","#FBDEE0","175"
"42","B175","#F9D9D5","176"
"42","B176","#FDD7DF","177"
"42","B177","#F7BEC6","178"
"42","B178","#FFECD2","179"
"42","B179","#FFE2C0","180"
"42","B180","#FFCA96","181"
"42","B181","#F9B27E","182"
"42","B182","#F7995D","183"
"42","B183","#F9864E","184"
"42","B184","#FE773D","185"
"42","B185","#EB6534","186"
"42","B186","#F69FAF","187"
"42","B187","#FD949C","188"
"42","B188","#FC98A4","189"
"42","B189","#F099AA","190"
"42","B190","#FE8AA6","191"
"42","B191","#F37B8F","192"
"42","B192","#F4FFAD","193"
"42","B193","#FDFF98","194"
"42","B194","#FFDB1E","195"
"42","B195","#FFE281","196"
"42","B196","#F7CA8E","197"
"42","B197","#F8BE5E","198"
"42","B198","#FFB330","199"
"42","B199","#FFA133","200"
"42","B200","#FEB58C","201"
"42","B201","#32C973","202"
"42","B202","#40612E","203"
"42","B203","#656952","204"
"42","B204","#D2B667","205"
"42","B205","#DDDCE3","206"
"42","B206","#EBEAFE","207"
"42","B207","#F0F1FE","208"
"42","B208","#D7EBFE","209"
"42","B209","#D9FAFF","210"
"42","B210","#E6FAFF","211"
"42","B211","#E5FBEF","212"
"42","B212","#E8E5E1","213"
"42","B213","#F8FAE7","214"
"42","B214","#F4F6EA","215"
"42","B215","#F4FAF7","216"
"42","B216","#FFEDFB","217"
"42","B217","#FDE0F5","218"
"42","B218","#FBF1F2","219"
"42","B219","#FFEDE4","220"
"42","B220","#77E5FE","221"
"42","B221","#068CDB","222"
"42","B222","#2C79E3","223"
"42","B223","#208BED","224"
"42","B224","#D5DFEE","225"
"42","B225","#92ADC1","226"
"42","B226","#4095E0","227"
"42","B227","#16ADF9","228"
"42","B228","#037EE9","229"
"42","B229","#05AACF","230"
"42","B230","#7EB2F7","231"
"42","B231","#4F82EB","232"
"42","B232","#6273C7","233"
"42","B233","#2A41BD","234"
"42","B234","#C7C0F2","235"
"42","B235","#5D7EF5","236"
"42","B236","#1C1B99","237"
"42","B237","#021C6C","238"
"42","B238","#22275F","239"
"42","B239","#0C325B","240"
"42","B240","#0C4853","241"
"42","B241","#00382B","242"
"42","B242","#F0E7A5","243"
"42","B243","#C6AC8B","244"
"42","B244","#ADA171","245"
"42","B245","#9B6E3E","246"
"42","B246","#E6C14D","247"
"42","B247","#664454","248"
"42","B248","#553F43","249"
"42","B249","#792622","250"
"42","B250","#541514","251"
"42","B251","#3D2328","252"
"42","B252","#B0D879","253"
"42","B253","#799B8D","254"
"42","B254","#A9723C","255"
"42","B255","#ADCBBF","256"
"42","B256","#51487B","257"
"42","B257","#FFFBD3","258"
"42","B258","#5ABD8E","259"
"42","B259","#A9E5E7","260"
"42","B260","#104F43","261"
"42","B261","#7CBDB0","262"
"42","B262","#54958C","263"
"42","B263","#AB989E","264"
"42","B264","#A87486","265"
"42","B265","#5D4958","266"
"42","B266","#6E616E","267"
"42","B267","#CDA575","268"
"42","B268","#F1B8B0","269"
"42","B269","#EECC90","270"
"42","B270","#E8D4C7","271"
"42","B271","#DFC1BB","272"
"42","B272","#A66B5D","273"
"42","B273","#DBA998","274"
"42","B274","#E34428","275"
"42","B275","#1CBA70","276"
"42","B276","#B8A584","277"
"42","B277","#A19283","278"
"42","B278","#B3A898","279"
"42","B279","#D9C8C1","280"
"42","B280","#AEB09B","281"
"42","B281","#B0AD9F","282"
"42","B282","#A6A599","283"
"42","B283","#999693","284"
"42","B284","#6A646A","285"
"42","B285","#BBA3F2","286"
"43","C01","#FFFFFF","1"
"43","C02","#000000","2"
"43","C03","#FF8200","3"
"43","C04","#FF7F41","4"
"43","C05","#E4002B","5"
"43","C06","#BA0C2F","6"
"43","C07","#EF95CF","7"
"43","C08","#F04E98","8"
"43","C09","#E24585","9"
"43","C10","#F8E08E","10"
"43","C11","#FFC72C","11"
"43","C12","#9BE198","12"
"43","C13","#93C90E","13"
"43","C14","#009A44","14"
"43","C15","#007862","15"
"43","C16","#FF6A39","16"
"43","C17","#FF5C39","17"
"43","C18","#8DC8E8","18"
"43","C19","#56B7E6","19"
"43","C20","#0090DA","20"
"43","C21","#004EA8","21"
"43","C22","#F7CED7","22"
"43","C23","#EAA794","23"
"43","C24","#EFD19F","24"
"43","C25","#A388D8","25"
"43","C26","#9569BE","26"
"43","C27","#483698","27"
"43","C28","#C67D30","28"
"43","C29","#A4493D","29"
"43","C30","#93262C","30"
"43","C31","#A37F74","31"
"43","C32","#683431","32"
"43","C33","#A7A8AA","33"
"43","C34","#888B8D","34"
"43","C35","#A09F9D","35"
"43","C36","#E68699","36"
"43","C37","#0067B9","37"
"43","C38","#418FDE","38"
"43","C39","#A4DBE8","39"
"43","C40","#E1D555","40"
"43","C41","#FBDB65","41"
"43","C42","#FFC845","42"
"43","C43","#A50034","43"
"43","C44","#FF808B","44"
"43","C45","#4A7C68","45"
"43","C46","#F0EC74","46"
"43","C47","#ECC3B2","47"
"43","C48","#FFB549","48"
"43","C49","#EC86D0","49"
"43","C50","#C5B4E3","50"
"43","C51","#F5E1A4","51"
"43","C52","#5949A7","52"
"43","C53","#C4D600","53"
"43","C54","#00B2A9","54"
"43","C55","#6CC24A","55"
"43","C56","#97999B","56"
"43","C57","#D50032","57"
"43","C58","#2C2D65","58"
"43","C59","#861F41","59"
"43","C60","#BBDDE6","60"
"43","C61","#F1E6B2","61"
"43","C62","#FF585D","62"
"43","C63","#F1A7DC","63"
"43","C64","#CE0058","64"
"43","C65","#E3775E","65"
"43","C66","#F67599","66"
"43","C67","#B14EB5","67"
"43","C68","#62B5E5","68"
"43","C69","#333F48","69"
"43","C70","#183028","70"
"43","C71","#FFA300","71"
"43","C72","#FFB25B","72"
"43","C73","#B86125","73"
"43","C74","#D5A286","74"
"43","C75","#AA8066","75"
"43","C76","#FF6D6A","76"
"43","C77","#B04A5A","77"
"43","C78","#862633","78"
"43","C79","#99D6EA","79"
"43","C80","#00968F","80"
"43","C81","#48A9C5","81"
"43","C82","#009CBD","82"
"43","C83","#0085AD","83"
"43","C84","#ABAD23","84"
"43","C85","#999B30","85"
"43","C86","#008522","86"
"43","C87","#D9D9D6","87"
"43","C88","#C8C9C7","88"
"43","C89","#B1B3B3","89"
"43","C90","#53565A","90"
"43","C91","#D69A2D","91"
"43","C92","#F1C6A7","92"
"43","C93","#DCA59C","93"
"43","C94","#F18070","94"
"43","C95","#FA9370","95"
"43","C96","#EA7600","96"
"43","C97","#6CACE4","97"
"43","C98","#71C5E8","98"
"43","C99","#63B1BC","99"
"43","C100","#00A3E1","100"
"43","C101","#0076CF","101"
"43","C102","#0057B8","102"
"43","C103","#007D9B","103"
"43","C104","#007D8A","104"
"43","C105","#006A8E","105"
"43","C106","#007096","106"
"43","C107","#D5CB9F","107"
"43","C108","#CFC493","108"
"43","C109","#C0B561","109"
"43","C110","#998542","110"
"43","C111","#897630","111"
"43","C112","#CAC7A7","112"
"43","C113","#BFBB98","113"
"43","C114","#B0AA7E","114"
"43","C115","#899064","115"
"43","C116","#7A7256","116"
"43","C117","#5B792F","117"
"43","C118","#9CDBD9","118"
"43","C119","#7AE1BF","119"
"43","C120","#77C19A","120"
"43","C121","#00B467","121"
"43","C122","#37C400","122"
"43","C123","#257226","123"
"43","C124","#008675","124"
"43","C125","#007367","125"
"43","C126","#DFC8E7","126"
"43","C127","#D48BC8","127"
"43","C128","#EABEDB","128"
"43","C129","#DD74A1","129"
"43","C130","#C1A0DA","130"
"43","C131","#FB637E","131"
"43","C132","#C800A1","132"
"43","C133","#87189D","133"
"43","C134","#AAB7E8","134"
"43","C135","#B9B7E7","135"
"43","C136","#7BA2E1","136"
"43","C137","#5F8DDA","137"
"43","C138","#5576D1","138"
"43","C139","#485CC7","139"
"43","C140","#476ACD","140"
"43","C141","#365ABD","141"
"43","C142","#3448AA","142"
"43","C143","#002D72","143"
"43","C144","#E9E186","144"
"43","C145","#A6192E","145"
"43","C146","#86C8BC","146"
"43","C147","#866761","147"
"43","C148","#EFDBB2","148"
"43","C149","#8B84D7","149"
"43","C150","#3E4827","150"
"43","C151","#C0AEE4","151"
"43","C152","#BDC7FF","152"
"43","C153","#F3CFB3","153"
"43","C154","#C58B68","154"
"43","C155","#63666A","155"
"43","C156","#4B4F54","156"
"43","C157","#1D252D","157"
"43","CE01","#D1DDE6","158"
"43","CE02","#9BB8D3","159"
"43","CE03","#6AD1E3","160"
"43","CE04","#03C1AA","161"
"43","CE05","#2CD5C4","162"
"43","CE06","#147BD1","163"
"43","CE07","#BFA5B8","164"
"43","CE08","#9B7793","165"
"43","CE09","#693C5E","166"
"43","CE10","#C964CF","167"
"43","CE11","#AD1AAC","168"
"43","CE12","#FFC27B","169"
"43","CE13","#E6A65D","170"
"43","CE14","#D38235","171"
"43","CE15","#C16C18","172"
"43","CE16","#F5B6CD","173"
"43","CE17","#5D2A2C","174"
"43","CT1","#F0F0F0","175"
"43","CT2","#FF69B4","176"
"43","CT3","#FFA500","177"
"43","CT4","#FFFF00","178"
"43","CT5","#00FF00","179"
"43","CT6","#9932CC","180"
"43","CT7","#00BFFF","181"
"43","CT8","#312520","182"
"43","CT9","#493131","183"
"43","CG1","#D3D3D3","184"
"43","CG2","#FFC0CB","185"
"43","CG3","#ADD8E6","186"
"43","CG4","#9370DB","187"
"43","CG5","#FFC0CB","188"
"43","CG6","#90EE90","189"
"43","CG7","#FF0000","190"
"43","CP1","#7FFFD4","191"
"43","CP2","#FFA07A","192"
"43","CP3","#F4A460","193"
"43","CP4","#FFB6C1","194"
"43","CP5","#DC143C","195"
"43","CP6","#4169E1","196"
"43","CP7","#800080","197"
"44","S01","#FFFFFF","1"
"44","S02","#FFA38B","2"
"44","S03","#FF8200","3"
"44","S04","#FA4616","4"
"44","S05","#EE2737","5"
"44","S06","#EF64A2","6"
"44","S07","#97999B","7"
"44","S08","#26D07C","8"
"44","S09","#007371","9"
"44","S10","#56B7E6","10"
"44","S11","#0050B5","11"
"44","S12","#9063CD","12"
"44","S13","#000000","13"
"44","S14","#FDDA24","14"
"44","S15","#A72B2A","15"
"44","S16","#674736","16"
"44","S17","#7B4D35","17"
"44","S18","#EAA794","18"
"44","S19","#F8C1B8","19"
"44","S20","#249E6B","20"
"44","S21","#93C90E","21"
"44","S22","#483698","22"
"44","S23","#7D55C7","23"
"44","S24","#1164C9","24"
"44","S25","#EF60A3","25"
"44","S26","#F04E98","26"
"44","S27","#FFC72C","27"
"44","S28","#EF95CF","28"
"44","S29","#FBDB65","29"
"44","S30","#A4E6E8","30"
"44","S31","#B5E3D8","31"
"44","S32","#FECB8B","32"
"44","S33","#C5B4E3","33"
"44","S34","#D50032","34"
"44","S35","#F7CED7","35"
"44","S36","#E06287","36"
"44","S37","#8BD3E6","37"
"44","S38","#BC204B","38"
"44","S39","#FF7F41","39"
"44","S40","#F99FC9","40"
"44","S43","#75787B","41"
"44","S44","#9BCBEB","42"
"44","S45","#00B2A9","43"
"44","S46","#8EDD65","44"
"44","S47","#A6631B","45"
"44","S48","#FFC845","46"
"44","S49","#973961","47"
"44","S50","#FFB3AB","48"
"44","S51","#FFF8DB","49"
"44","S52","#F8E08E","50"
"44","S53","#62A0E6","51"
"44","S54","#0090DA","52"
"44","S55","#ADDC91","53"
"44","S56","#FF6A39","54"
"44","S57","#B33D26","55"
"44","S58","#BA0C2F","56"
"44","S59","#5949A7","57"
"44","S60","#9678D3","58"
"44","S61","#E6DE77","59"
"44","S62","#007C58","60"
"44","S64","#2C2D65","61"
"44","S65","#F0EC74","62"
"44","S66","#EE5340","63"
"44","S67","#ECC3B2","64"
"44","S68","#E7B78A","65"
"44","S69","#212721","66"
"44","S70","#BABC16","67"
"44","S71","#008522","68"
"44","S72","#67D9DF","69"
"44","S73","#48A9C5","70"
"44","S74","#04A9C7","71"
"44","S75","#0085AD","72"
"44","S76","#00A7B5","73"
"44","S77","#D9D9D6","74"
"44","S78","#C8C9C7","75"
"44","S79","#B1B3B3","76"
"44","S80","#A2A569","77"
"44","S81","#D5A286","78"
"44","S82","#C58B68","79"
"44","S83","#B15533","80"
"44","S84","#AB5C57","81"
"44","S85","#8A2A2B","82"
"44","S86","#F29D04","83"
"44","S87","#FF808B","84"
"44","S88","#DA1884","85"
"44","S89","#53565A","86"
"44","S90","#FFC56E","87"
"44","S91","#183028","88"
"44","S92","#C69214","89"
"44","S93","#EDC8A3","90"
"44","S95","#E8927C","91"
"44","S96","#FF8D6D","92"
"44","S97","#E35205","93"
"44","S98","#80B6E8","94"
"44","S99","#5CA9CC","95"
"44","S100","#5DB3CB","96"
"44","S101","#00A3E1","97"
"44","S102","#0077CF","98"
"44","S103","#0067B9","99"
"44","S104","#007DBA","100"
"44","S105","#00859B","101"
"44","S106","#0076A8","102"
"44","S107","#007096","103"
"44","S108","#E6C78A","104"
"44","S109","#CEB888","105"
"44","S110","#C6AA76","106"
"44","S111","#A08629","107"
"44","S112","#897630","108"
"44","S113","#C3C6A8","109"
"44","S114","#C0BB87","110"
"44","S115","#B0AA7E","111"
"44","S116","#A3AA83","112"
"44","S117","#77744D","113"
"44","S118","#5E6738","114"
"44","S119","#98DBCE","115"
"44","S120","#9BE3BF","116"
"44","S121","#6BBBAE","117"
"44","S122","#00BB7E","118"
"44","S123","#31B700","119"
"44","S124","#035F1D","120"
"44","S125","#007864","121"
"44","S126","#00685E","122"
"44","S127","#DECDE7","123"
"44","S128","#C98BDB","124"
"44","S129","#DCB6C9","125"
"44","S130","#DD74A1","126"
"44","S131","#AD96DC","127"
"44","S132","#EF426F","128"
"44","S133","#C724B1","129"
"44","S134","#8031A7","130"
"44","S135","#9FAEE5","131"
"44","S136","#B4B2E4","132"
"44","S137","#5F8DDA","133"
"44","S138","#5780D2","134"
"44","S139","#5576D1","135"
"44","S140","#3C62C3","136"
"44","S141","#466CCA","137"
"44","S142","#365ABD","138"
"44","S143","#1E22AA","139"
"44","S144","#002D72","140"
"44","S145","#E9E186","141"
"44","S146","#8C243D","142"
"44","S147","#86C8BC","143"
"44","S148","#724736","144"
"44","S149","#FCD299","145"
"44","S150","#8B84D7","146"
"44","S151","#335525","147"
"44","S152","#A7A4E0","148"
"44","S153","#C6C4EA","149"
"44","S154","#EBC29D","150"
"44","S156","#63666A","151"
"44","S157","#46494C","152"
"44","S158","#191D19","153"
"44","S159","#88888D","154"
"44","SE01","#D1DDE6","155"
"44","SE02","#9BB8E3","156"
"44","SE03","#5E8AB4","157"
"44","SE04","#6AD1E3","158"
"44","SE05","#03C1AA","159"
"44","SE06","#126AD4","160"
"44","SE07","#BFA5B8","161"
"44","SE08","#9B7793","162"
"44","SE09","#693C5E","163"
"44","SE10","#C964CF","164"
"44","SE11","#AD1AAC","165"
"44","SE12","#FFB25B","166"
"44","SE13","#E6A65D","167"
"44","SE14","#D38235","168"
"44","SE15","#C16C18","169"
"44","SE16","#F5B6CD","170"
"44","SE17","#5D2A2C","171"
"45","A00","#FFD1CC","1"
"45","A01","#FFC0C0","2"
"45","A02","#F79797","3"
"45","A03","#ED7A6B","4"
"45","A04","#F26D6D","5"
"45","A05","#FF5F5F","6"
"45","A14","#EA6565","7"
"45","A16","#E84242","8"
"45","A17","#E23333","9"
"45","A22","#D8998D","10"
"45","A30","#B5928F","11"
"45","A37","#B52828","12"
"45","A64","#753F36","13"
"45","A74","#4C2825","14"
"45","B0R","#FFF2F0","15"
"45","B01","#FFBBB6","16"
"45","B3Y","#B5A09A","17"
"45","B06","#FF6F4D","18"
"45","B7Y","#473E3C","19"
"45","B11","#EAB8A4","20"
"45","B13","#EA8F7D","21"
"45","B16","#D15946","22"
"45","B23","#CE8F76","23"
"45","B24","#CC6E5E","24"
"45","B25","#C66E4F","25"
"45","B35","#AF5A46","26"
"45","B55","#894330","27"
"45","B70","#3A2E2E","28"
"45","C00","#FFDACF","29"
"45","C0Y","#FFE3D9","30"
"45","C01","#FFD6BD","31"
"45","C05","#FF926C","32"
"45","C06","#EF8050","33"
"45","C15","#E58955","34"
"45","C23","#CC8866","35"
"45","C33","#B78065","36"
"45","C41","#8E6E61","37"
"45","C43","#A56B55","38"
"45","C44","#96553E","39"
"45","D00","#FCDCC5","40"
"45","D0R","#FFF4EB","41"
"45","D0Y","#FFEBDE","42"
"45","D1Y","#E5D9CF","43"
"45","D02","#FFC69F","44"
"45","D04","#F2A368","45"
"45","D05","#FFAA55","46"
"45","D11","#F4C9A2","47"
"45","D12","#EDCCAB","48"
"45","D13","#E0AB85","49"
"45","D15","#E2904B","50"
"45","D24","#CE8655","51"
"45","D41","#A88F76","52"
"45","E00","#F7F3ED","53"
"45","E0R","#FFFAF0","54"
"45","E0Y","#FFF8EB","55"
"45","E1Y","#F7ECDF","56"
"45","E02","#FFCF8A","57"
"45","E03","#FFDBA6","58"
"45","E04","#FFD278","59"
"45","E05","#FFCB6E","60"
"45","E06","#F7A757","61"
"45","E07","#FF9D5A","62"
"45","E12","#DDC492","63"
"45","E20","#C4B59D","64"
"45","F0R","#FFFDF5","65"
"45","F01","#FFF0B0","66"
"45","F05","#FFE36C","67"
"45","F06","#FFC952","68"
"45","F10","#E0D6B6","69"
"45","F15","#F9D162","70"
"45","F16","#E5B445","71"
"45","F44","#9E864C","72"
"45","H00","#FCFAD6","73"
"45","H0R","#FCFCF7","74"
"45","H01","#FFFDB8","75"
"45","H1R","#F7F7F2","76"
"45","H02","#FFFBA9","77"
"45","H2R","#C6C6BA","78"
"45","H05","#FFFB61","79"
"45","H15","#F2F268","80"
"45","I00","#F9FFD7","81"
"45","I0R","#FFFFF3","82"
"45","I0Y","#F4FFDE","83"
"45","I01","#EEFFC0","84"
"45","I03","#E8FF88","85"
"45","I05","#DBF763","86"
"45","I10","#D0DDAC","87"
"45","I14","#C5E870","88"
"45","I15","#E4ED69","89"
"45","I35","#9BB13A","90"
"45","I42","#A0A362","91"
"45","I74","#51592D","92"
"45","I83","#394425","93"
"45","J0R","#F4FFF3","94"
"45","J0Y","#E9FFEB","95"
"45","J01","#E0FFB3","96"
"45","J02","#9AEFA4","97"
"45","J2R","#CBD6C5","98"
"45","J03","#8BEF97","99"
"45","J04","#79FF6E","100"
"45","J4Y","#81967D","101"
"45","J05","#99F75C","102"
"45","J11","#C4EAAC","103"
"45","J23","#63C663","104"
"45","M1R","#E2E8E4","105"
"45","M5R","#888C8A","106"
"45","M13","#7FE2B5","107"
"45","M24","#63C699","108"
"45","M58","#178C57","109"
"45","M62","#466D57","110"
"45","M76","#195633","111"
"45","M86","#154729","112"
"45","N0R","#F0FFFF","113"
"45","N0Y","#DCF7F6","114"
"45","N01","#BAF7E6","115"
"45","N1Y","#CCE8EA","116"
"45","N11","#A6E2D4","117"
"45","N14","#70EAED","118"
"45","N15","#66D6E2","119"
"45","N25","#56CCC9","120"
"45","N27","#2CC4C4","121"
"45","N37","#209988","122"
"45","N47","#289999","123"
"45","N58","#0E7C6F","124"
"45","N67","#176B68","125"
"45","N87","#0F514C","126"
"45","S0R","#EBF9FF","127"
"45","S0Y","#E6FAFF","128"
"45","S01","#BBECFF","129"
"45","S02","#92DDF4","130"
"45","S03","#83F0FF","131"
"45","S3R","#9EAAAD","132"
"45","S3Y","#96ACB2","133"
"45","S6Y","#57727C","134"
"45","S28","#1D96CC","135"
"45","S29","#0BB7D3","136"
"45","S33","#67B4BE","137"
"45","S37","#26A9BF","138"
"45","S48","#1180A3","139"
"45","S58","#125A70","140"
"45","T0R","#F0FAFF","141"
"45","T0Y","#DFEFF7","142"
"45","T01","#AAC8ED","143"
"45","T10","#C5D8ED","144"
"45","T11","#B1D5EF","145"
"45","T12","#8BB2D8","146"
"45","T14","#66B5DD","147"
"45","T16","#3C76DD","148"
"45","T28","#1263C4","149"
"45","T49","#094D91","150"
"45","T62","#425775","151"
"45","T67","#163D7C","152"
"45","T76","#1A4759","153"
"45","T84","#22424F","154"
"45","U00","#CFC2F2","155"
"45","U0R","#F8F9FF","156"
"45","U0Y","#F2EEFF","157"
"45","U1Y","#F1E9FF","158"
"45","U11","#9D8CD1","159"
"45","U13","#767EE2","160"
"45","U45","#414BAA","161"
"45","U54","#44508C","162"
"45","U65","#382F77","163"
"45","U73","#2D294F","164"
"45","V00","#FFFFFF","165"
"45","V01","#F7F7F7","166"
"45","V10","#F2F2F2","167"
"45","V30","#BCBCBC","168"
"45","V50","#817F82","169"
"45","V80","#4E4E51","170"
"45","V90","#312F33","171"
"45","VK0","#000000","172"
"45","VL0","#1C1612","173"
"45","W00","#DBC4F2","174"
"45","W0Y","#FEE9FF","175"
"45","W01","#FFD9F6","176"
"45","W1R","#ECDFED","177"
"45","W6Y","#7F6C7D","178"
"45","W10","#E0AAE2","179"
"45","W31","#B38AD6","180"
"45","W32","#B765B1","181"
"45","W33","#B268BA","182"
"45","W43","#9A57AA","183"
"45","W44","#9F4FA8","184"
"45","W52","#614A7C","185"
"45","X00","#FFD4F4","186"
"45","X0R","#FFEEF9","187"
"45","X0Y","#FFDEF4","188"
"45","X01","#FFAECB","189"
"45","X1R","#F7EDF3","190"
"45","X1Y","#EFD8E9","191"
"45","X02","#FFB3E2","192"
"45","X03","#FF8DC6","193"
"45","X3R","#B2A4AE","194"
"45","X04","#ED72B0","195"
"45","X13","#E27AA0","196"
"45","X16","#E2447D","197"
"45","X25","#C955B1","198"
"45","X26","#C63E7C","199"
"45","X32","#BC7A9F","200"
"45","X40","#A584A2","201"
"45","X46","#AA2464","202"
"45","Z00","#FFD9DB","203"
"45","Z0R","#F7F5F6","204"
"45","Z0Y","#FFE3E6","205"
"45","Z01","#FFB8C2","206"
"45","Z1R","#F7DFE8","207"
"45","Z02","#FFB0BF","208"
"45","Z03","#FF999E","209"
"45","Z04","#ED748E","210"
"45","Z05","#FF6170","211"
"45","Z06","#FF507A","212"
"45","Z10","#F7BAC2","213"
"45","Z30","#BF9DA3","214"
"45","Z35","#B2474F","215"
"45","Z37","#B72735","216"
"45","Z66","#771F32","217"
"46","A8","#D3A00E","1"
"46","A10","#FF894B","2"
"46","A11","#EB9B44","3"
"46","A13","#FEB133","4"
"46","B7","#64BF47","5"
"46","B8","#758A52","6"
"46","B11","#43BAA3","7"
"46","B12","#ABC436","8"
"46","B13","#E5EB4F","9"
"46","B15","#90B149","10"
"46","B17","#3A765E","11"
"46","B20","#B2E9C9","12"
"46","B21","#A9E09D","13"
"46","C7","#5BADC5","14"
"46","C8","#47A0A6","15"
"46","C9","#6EB3CB","16"
"46","C10","#4EC7EE","17"
"46","C11","#45CDDA","18"
"46","C12","#3CAFE6","19"
"46","C13","#1038AA","20"
"46","C14","#0D316D","21"
"46","C15","#39B2E1","22"
"46","C16","#89A99E","23"
"46","C17","#88B0B8","24"
"46","D8","#A892C0","25"
"46","D9","#8CA3E6","26"
"46","D10","#946697","27"
"46","D13","#CBC8E5","28"
"46","D14","#793472","29"
"46","D16","#7A2A8B","30"
"46","E9","#F5B490","31"
"46","E11","#F7B6B0","32"
"46","E12","#FE7BAB","33"
"46","E15","#E1A289","34"
"46","F14","#E2786B","35"
"46","F15","#E73B35","36"
"46","G7","#E08B5F","37"
"46","G10","#F0A159","38"
"46","G13","#926852","39"
"46","G14","#5A5046","40"
"46","G17","#897155","41"
"46","H10","#E0D3A6","42"
"46","H15","#2F3332","43"
"46","M7","#B9AB7E","44"
"46","M8","#BCAE89","45"
"46","M13","#C5B4A3","46"
"46","M16","#574B49","47"
"46","M19","#8A908D","48"
"46","N1","#E19BC0","49"
"46","N2","#F6ADA6","50"
"46","N3","#E89784","51"
"46","N4","#EFA54C","52"
"46","N5","#E48447","53"
"46","N6","#E37D55","54"
"46","P1","#EADF90","55"
"46","P2","#DCD471","56"
"46","P3","#E1E090","57"
"46","P4","#E2BC41","58"
"46","P5","#EDC226","59"
"46","P6","#E6B21E","60"
"46","Q1","#318D98","61"
"46","Q2","#A0E797","62"
"46","Q3","#ACE65E","63"
"46","Q4","#2BB850","64"
"46","Q5","#337B53","65"
"46","Q6","#277A68","66"
"46","R1","#9EB8D3","67"
"46","R2","#61A8E6","68"
"46","R3","#74A3C1","69"
"46","R4","#63B8EF","70"
"46","R5","#3062D1","71"
"46","R6","#0C1F7E","72"
"46","S1","#F0ACC1","73"
"46","S2","#F376A2","74"
"46","S3","#F57B8A","75"
"46","S4","#C7615F","76"
"46","S5","#B21607","77"
"46","S6","#90191B","78"
"46","T1","#EDBCCF","79"
"46","T2","#C5AFEF","80"
"46","T3","#BD6FA3","81"
"46","T4","#A961CD","82"
"46","T5","#9B6CDE","83"
"46","T6","#281064","84"
"46","U1","#F9C8A7","85"
"46","U2","#D8826B","86"
"46","U3","#9F5928","87"
"46","U4","#823120","88"
"46","U5","#7B4F42","89"
"46","U6","#49120D","90"
"46","V1","#D3CFCE","91"
"46","V2","#FFFFFF","92"
"46","V3","#A29E9D","93"
"46","V4","#A9ADB0","94"
"46","V5","#0F0F11","95"
"46","V6","#040207","96"
"46","W1","#EA7EBC","97"
"46","W2","#E0809B","98"
"46","W3","#F588A5","99"
"46","W4","#EB3969","100"
"46","W5","#D72C22","101"
"46","W6","#62121F","102"
"46","X1","#95CDF2","103"
"46","X2","#64A9D2","104"
"46","X3","#6D90D4","105"
"46","X4","#13153E","106"
"46","X5","#4C307B","107"
"46","X6","#3B2F79","108"
"46","Y1","#E9CE77","109"
"46","Y2","#D1BF51","110"
"46","Y3","#79C692","111"
"46","Y4","#63DC7B","112"
"46","Y5","#89EE84","113"
"46","Y6","#312019","114"
"46","Z1","#E7C7A0","115"
"46","Z2","#DDBC6D","116"
"46","Z3","#E58F46","117"
"46","Z4","#DF8853","118"
"46","Z5","#ED8D5A","119"
"46","Z6","#FD7247","120"
"47","1","#FEFFFF","1"
"47","2","#FFFFD5","2"
"47","3","#FBED56","3"
"47","4","#FE8B4C","4"
"47","5","#E7002F","5"
"47","6","#E8649E","6"
"47","7","#8854B3","7"
"47","8","#2F54AF","8"
"47","9","#3677D2","9"
"47","10","#1C9C4F","10"
"47","11","#65E2A6","11"
"47","12","#753B32","12"
"47","13","#B6B1BA","13"
"47","14","#000000","14"
"47","15","#FDFBFF","15"
"47","16","#943630","16"
"47","17","#9D5B3E","17"
"47","18","#FDD3CC","18"
"47","19","#E1B383","19"
"47","20","#F13D74","20"
"47","21","#F8EC31","21"
"47","22","#FD8324","22"
"47","23","#35C75B","23"
"47","24","#F92F83","24"
"47","25","#50AAF0","25"
"47","26","#9EF780","26"
"47","27","#AC7BDE","27"
"47","28","#FEFF8B","28"
"47","29","#FEAC4C","29"
"47","30","#A9F9FC","30"
"47","31","#FC3D46","31"
"47","32","#B843C5","32"
"47","33","#63F347","33"
"47","34","#01ACEB","34"
"47","35","#FD957B","35"
"47","36","#858EDD","36"
"47","37","#19779D","37"
"47","38","#FEC0DF","38"
"47","39","#35E352","39"
"47","40","#F551A2","40"
"47","41","#C63478","41"
"47","42","#324BCA","42"
"47","43","#EDB045","43"
"47","44","#3DAF80","44"
"47","45","#48464E","45"
"47","46","#AEB4F2","46"
"47","47","#971937","47"
"47","48","#E6EE31","48"
"47","49","#FFC4AA","49"
"47","50","#E99C17","50"
"47","51","#2F2B2F","51"
"47","52","#0F54C0","52"
"47","53","#F74941","53"
"47","54","#FC283C","54"
"47","55","#B0A9AC","55"
"47","56","#EE8C3E","56"
"47","57","#D7FAA0","57"
"47","58","#8BDBFA","58"
"47","59","#FD6FB4","59"
"47","60","#FEB481","60"
"47","61","#E987EA","61"
"47","62","#FFB7E7","62"
"47","63","#A0E2FB","63"
"47","64","#E8FFE7","64"
"47","65","#FAF4C8","65"
"47","66","#5DE035","66"
"47","67","#D50D21","67"
"47","68","#1A60C3","68"
"47","69","#23B891","69"
"47","70","#9A56B4","70"
"47","71","#FCF7F8","71"
"47","72","#FEA49F","72"
"47","73","#AFDCAB","73"
"47","74","#F4D738","74"
"47","75","#182A84","75"
"47","76","#FFE2CE","76"
"47","77","#41CCFF","77"
"47","78","#89858C","78"
"47","79","#27523A","79"
"47","80","#F4C3A5","80"
"47","81","#BC0028","81"
"47","82","#E2677A","82"
"47","83","#D33793","83"
"47","84","#FFDBE9","84"
"47","85","#E7D6DB","85"
"47","86","#EEE9EA","86"
"47","87","#D98C39","87"
"47","88","#FFDA45","88"
"47","89","#F77C31","89"
"47","90","#FF995B","90"
"47","91","#E6B483","91"
"47","92","#361B51","92"
"47","93","#D5B9F8","93"
"47","94","#E2D3FF","94"
"47","95","#EDEDED","95"
"47","96","#95D3C2","96"
"47","97","#5D722A","97"
"47","98","#E970CC","98"
"47","99","#FE9F72","99"
"47","100","#FFDD99","100"
"47","101","#2F1F90","101"
"47","102","#8B279B","102"
"47","103","#B90095","103"
"47","104","#DE9AD4","104"
"47","105","#B9BAE1","105"
"47","106","#166F41","106"
"47","107","#FFFF00","107"
"47","108","#76CEDE","108"
"47","109","#F2A5E8","109"
"47","110","#FFEBFA","110"
"47","111","#E9EC91","111"
"47","112","#E0C593","112"
"47","113","#FFC890","113"
"47","114","#8D614C","114"
"47","115","#B7714A","115"
"47","116","#8A4526","116"
"47","117","#5A2121","117"
"47","118","#E3E1EE","118"
"47","119","#C4D4F6","119"
"47","120","#1C334D","120"
"47","121","#3EBCE2","121"
"47","122","#28DDDE","122"
"47","123","#CECDD5","123"
"47","124","#A45EC7","124"
"47","125","#FCDDD2","125"
"47","126","#F78FC3","126"
"47","127","#B5006D","127"
"47","128","#CAEB7B","128"
"47","129","#ADE946","129"
"47","130","#2E5132","130"
"47","131","#FFC365","131"
"47","132","#FFF5ED","132"
"47","133","#FCF9E0","133"
"47","134","#F2D9BA","134"
"47","135","#F8C7C9","135"
"47","136","#FD4E6A","136"
"47","137","#FFD1BA","137"
"47","138","#FD543D","138"
"47","139","#D5FDFF","139"
"47","140","#CDE8FF","140"
"47","141","#C5ED9C","141"
"47","142","#9BB13A","142"
"47","143","#22C4C6","143"
"47","144","#7B524B","144"
"47","145","#F5ECD2","145"
"47","146","#CFD7D3","146"
"47","147","#E6EE49","147"
"47","148","#F35744","148"
"47","149","#1557A8","149"
"47","150","#FFF365","150"
"47","152","#55514C","151"
"47","153","#D8C3D7","152"
"47","154","#FFA9AD","153"
"47","155","#FFFFFF","154"
"47","156","#FFDB4C","155"
"47","157","#5FD0A7","156"
"47","158","#F0D958","157"
"47","159","#EB9270","158"
"47","160","#D8D5CE","159"
"47","161","#9C32B2","160"
"47","162","#9A009B","161"
"47","163","#04D1F6","162"
"47","164","#C5B2BC","163"
"47","165","#C77362","164"
"47","166","#697D80","165"
"47","167","#E3D2BC","166"
"47","168","#BCC6B8","167"
"47","169","#B0A782","168"
"47","170","#A58767","169"
"47","171","#B4A497","170"
"47","172","#8AA386","171"
"47","173","#644749","172"
"47","174","#D0CCAA","173"
"47","175","#D19066","174"
"47","176","#9F7594","175"
"47","177","#B38281","176"
"47","178","#757D7B","177"
"47","179","#FEA324","178"
"47","180","#ECBEBF","179"
"47","181","#A56268","180"
"47","182","#FEBF45","181"
"47","183","#3376B0","182"
"47","184","#668575","183"
"47","185","#F3ECC9","184"
"47","186","#FFE0E9","185"
"47","187","#D9C7EA","186"
"47","188","#FEBECF","187"
"47","189","#E4A89F","188"
"47","190","#E6EEF2","189"
"47","191","#24B88C","190"
"47","192","#C2F0CC","191"
"47","193","#AACBEF","192"
"47","194","#FEB89F","193"
"47","195","#D9D9D9","194"
"47","196","#1D3344","195"
"47","197","#176DAF","196"
"47","198","#333A95","197"
"47","199","#A94023","198"
"47","200","#1D1414","199"
"47","201","#98A6A8","200"
"47","202","#1887A2","201"
"47","203","#FFE4CC","202"
"47","204","#D30022","203"
"47","205","#303A21","204"
"47","206","#0B3C43","205"
"47","207","#156A6B","206"
"47","208","#E07935","207"
"47","209","#F6EFE2","208"
"47","210","#FFC7DB","209"
"47","211","#FEC2A6","210"
"47","212","#BEDDFF","211"
"47","213","#FFE36E","212"
"47","214","#F1EDED","213"
"47","215","#FEBAD5","214"
"47","216","#FFFF9F","215"
"47","217","#EBDAFC","216"
"47","218","#FD7C72","217"
"47","219","#FFFDF0","218"
"47","220","#FFE2EA","219"
"47","221","#FFF3EB","220"
"47","222","#EEFCA5","221"
"47","223","#FEBE7D","222"
"47","224","#FEB872","223"
"47","225","#C9675E","224"
"47","226","#6C372F","225"
"47","227","#CDE55D","226"
"47","228","#F3C1C0","227"
"47","229","#D293BE","228"
"47","230","#E8C7B4","229"
"47","231","#9FE4DF","230"
"47","232","#EA8CB1","231"
"47","233","#4A867A","232"
"47","234","#AD6F3C","233"
"47","235","#7FCD9D","234"
"47","236","#9C87D6","235"
"47","237","#77CEE9","236"
"47","238","#3ECFCA","237"
"47","239","#67B4BE","238"
"47","240","#4E846D","239"
"47","241","#D8C7D1","240"
"47","242","#FFD568","241"
"47","243","#C1444A","242"
"47","244","#7786E5","243"
"47","245","#E69C79","244"
"47","246","#D37C46","245"
"47","247","#B88558","246"
"47","248","#8D7A35","247"
"47","249","#494FC7","248"
"47","250","#937A8D","249"
"47","251","#949FA3","250"
"47","252","#B785A1","251"
"47","253","#BD9DA1","252"
"47","254","#DAABB3","253"
"47","255","#D6AA87","254"
"47","256","#C1BD8D","255"
"47","257","#96B69F","256"
"47","258","#849DC6","257"
"47","259","#94BFE2","258"
"47","260","#E2A9D2","259"
"47","261","#AB91C0","260"
"47","262","#CCE1AF","261"
"47","263","#C8E2FF","262"
"47","264","#F67E66","263"
"47","265","#3CAED8","264"
"47","266","#F7B4C6","265"
"47","267","#7CC4FF","266"
"47","268","#C5E254","267"
"47","269","#9EE5B9","268"
"47","270","#F4F57D","269"
"47","271","#A9E5E5","270"
"47","272","#FDC0D0","271"
"47","273","#DFC2F8","272"
"47","274","#E6C9B7","273"
"47","275","#CD9391","274"
"47","276","#FFE395","275"
"47","277","#CACAD4","276"
"47","278","#9A9D94","277"
"47","279","#D3DFFA","278"
"47","280","#BBCFED","279"
"47","281","#34488E","280"
"47","282","#E1BCE8","281"
"47","283","#E698AA","282"
"47","284","#E54B4F","283"
"47","285","#E2FCB1","284"
"47","286","#B0E792","285"
"47","287","#9CAB5A","286"
"47","288","#F7F8A2","287"
"47","289","#FFD67D","288"
"47","290","#FFC830","289"
"47","291","#FFFBE1","290"